{"v":"5.5.7","meta":{"g":"LottieFiles AE 0.1.20","a":"","k":"","d":"","tc":""},"fr":24,"ip":0,"op":168,"w":500,"h":500,"nm":"Relax","ddd":0,"assets":[],"layers":[{"ddd":0,"ind":1,"ty":3,"nm":"Main_Null","sr":1,"ks":{"o":{"a":0,"k":0,"ix":11},"r":{"a":0,"k":0,"ix":10},"p":{"a":1,"k":[{"i":{"x":0.667,"y":1},"o":{"x":0.333,"y":0},"t":0,"s":[250,229.99999999999997,0],"to":[0,-6.667,0],"ti":[0,0,0]},{"i":{"x":0.667,"y":1},"o":{"x":0.333,"y":0},"t":84,"s":[250,190,0],"to":[0,0,0],"ti":[0,-6.667,0]},{"t":168,"s":[250,229.99999999999997,0]}],"ix":2},"a":{"a":0,"k":[0,0,0],"ix":1},"s":{"a":0,"k":[100,100,100],"ix":6}},"ao":0,"ip":0,"op":169,"st":0,"bm":0},{"ddd":0,"ind":2,"ty":4,"nm":"Hair_Front","parent":1,"sr":1,"ks":{"o":{"a":0,"k":100,"ix":11},"r":{"a":0,"k":0,"ix":10},"p":{"a":0,"k":[0,0,0],"ix":2},"a":{"a":0,"k":[0,0,0],"ix":1},"s":{"a":0,"k":[100,100,100],"ix":6}},"ao":0,"shapes":[{"ty":"gr","it":[{"ind":0,"ty":"sh","ix":1,"ks":{"a":0,"k":{"i":[[0,0],[-0.687,-1.629],[1.152,0.839]],"o":[[0,0],[5.37,12.739],[-20.221,-14.712]],"v":[[-21.906,-85.944],[-23.528,-86.59],[0.666,-64.276]],"c":true},"ix":2},"nm":"Path 1","mn":"ADBE Vector Shape - Group","hd":false},{"ty":"st","c":{"a":0,"k":[0.745097994804,0.141176000237,0.129411995411,1],"ix":3},"o":{"a":0,"k":100,"ix":4},"w":{"a":0,"k":0,"ix":5},"lc":1,"lj":1,"ml":4,"bm":0,"nm":"Stroke 1","mn":"ADBE Vector Graphic - Stroke","hd":false},{"ty":"fl","c":{"a":0,"k":[0.039215687662,0.176470592618,0.301960796118,1],"ix":4},"o":{"a":0,"k":100,"ix":5},"r":1,"bm":0,"nm":"Fill 1","mn":"ADBE Vector Graphic - Fill","hd":false},{"ty":"tr","p":{"a":0,"k":[0,0],"ix":2},"a":{"a":0,"k":[0,0],"ix":1},"s":{"a":0,"k":[100,100],"ix":3},"r":{"a":0,"k":0,"ix":6},"o":{"a":0,"k":100,"ix":7},"sk":{"a":0,"k":0,"ix":4},"sa":{"a":0,"k":0,"ix":5},"nm":"Transform"}],"nm":"Shape 3","np":3,"cix":2,"bm":0,"ix":1,"mn":"ADBE Vector Group","hd":false},{"ty":"gr","it":[{"ind":0,"ty":"sh","ix":1,"ks":{"a":0,"k":{"i":[[0,0],[0.25,-4],[0,0],[-2.25,3.25],[-2.75,6.5]],"o":[[0,0],[-0.25,4],[0,0],[2.25,-3.25],[2.75,-6.5]],"v":[[-26.5,-88.5],[-40.75,-52.75],[-37.5,-42.75],[-30.292,-54.26],[-22.288,-62.747]],"c":true},"ix":2},"nm":"Path 1","mn":"ADBE Vector Shape - Group","hd":false},{"ty":"st","c":{"a":0,"k":[0.745097994804,0.141176000237,0.129411995411,1],"ix":3},"o":{"a":0,"k":100,"ix":4},"w":{"a":0,"k":0,"ix":5},"lc":1,"lj":1,"ml":4,"bm":0,"nm":"Stroke 1","mn":"ADBE Vector Graphic - Stroke","hd":false},{"ty":"fl","c":{"a":0,"k":[0.039215687662,0.176470592618,0.301960796118,1],"ix":4},"o":{"a":0,"k":100,"ix":5},"r":1,"bm":0,"nm":"Fill 1","mn":"ADBE Vector Graphic - Fill","hd":false},{"ty":"tr","p":{"a":0,"k":[0,0],"ix":2},"a":{"a":0,"k":[0,0],"ix":1},"s":{"a":0,"k":[100,100],"ix":3},"r":{"a":0,"k":0,"ix":6},"o":{"a":0,"k":100,"ix":7},"sk":{"a":0,"k":0,"ix":4},"sa":{"a":0,"k":0,"ix":5},"nm":"Transform"}],"nm":"Shape 2","np":3,"cix":2,"bm":0,"ix":2,"mn":"ADBE Vector Group","hd":false},{"ty":"gr","it":[{"ind":0,"ty":"sh","ix":1,"ks":{"a":0,"k":{"i":[[2.25,-0.25],[-7.558,-9.448],[0.394,-21.172],[0,0],[1,1]],"o":[[-2.25,0.25],[30.882,38.618],[-0.312,17.851],[0,0],[-1,-1]],"v":[[-7,-100.75],[-24.75,-90],[22.25,-43.25],[26.75,-48.75],[19.25,-93]],"c":true},"ix":2},"nm":"Path 1","mn":"ADBE Vector Shape - Group","hd":false},{"ty":"st","c":{"a":0,"k":[0.745097994804,0.141176000237,0.129411995411,1],"ix":3},"o":{"a":0,"k":100,"ix":4},"w":{"a":0,"k":0,"ix":5},"lc":1,"lj":1,"ml":4,"bm":0,"nm":"Stroke 1","mn":"ADBE Vector Graphic - Stroke","hd":false},{"ty":"fl","c":{"a":0,"k":[0.039215687662,0.176470592618,0.301960796118,1],"ix":4},"o":{"a":0,"k":100,"ix":5},"r":1,"bm":0,"nm":"Fill 1","mn":"ADBE Vector Graphic - Fill","hd":false},{"ty":"tr","p":{"a":0,"k":[0,0],"ix":2},"a":{"a":0,"k":[0,0],"ix":1},"s":{"a":0,"k":[100,100],"ix":3},"r":{"a":0,"k":0,"ix":6},"o":{"a":0,"k":100,"ix":7},"sk":{"a":0,"k":0,"ix":4},"sa":{"a":0,"k":0,"ix":5},"nm":"Transform"}],"nm":"Shape 1","np":3,"cix":2,"bm":0,"ix":3,"mn":"ADBE Vector Group","hd":false}],"ip":-74,"op":170,"st":-74,"bm":0},{"ddd":0,"ind":3,"ty":4,"nm":"Top","parent":1,"sr":1,"ks":{"o":{"a":0,"k":100,"ix":11},"r":{"a":0,"k":0,"ix":10},"p":{"a":0,"k":[-2,40,0],"ix":2},"a":{"a":0,"k":[133.596,126.196,0],"ix":1},"s":{"a":0,"k":[100,100,100],"ix":6}},"ao":0,"shapes":[{"ty":"gr","it":[{"ind":0,"ty":"sh","ix":1,"ks":{"a":0,"k":{"i":[[-16.736,5.563],[-2.848,-4.49],[1.915,6.169],[2.102,16.813],[2.029,-11.435],[15.736,-10.247],[0,0],[2.53,-7.764],[-0.694,10.927],[-7.901,-6.186],[-10.216,-0.238]],"o":[[10.001,-3.324],[0.652,5.76],[-2.414,-7.778],[0,0],[-19.781,-13.547],[-2.458,-10.963],[-2.314,17.284],[-1.878,5.764],[2.556,-1.073],[11.553,9.046],[10.035,0.234]],"v":[[163.595,143.52],[173.444,119.186],[179.774,167.313],[172.487,128.016],[168.628,155.743],[100.11,154.943],[95.02,130.329],[88.202,165.23],[93.04,118.519],[101.247,141.132],[132.561,142.462]],"c":true},"ix":2},"nm":"Path 1","mn":"ADBE Vector Shape - Group","hd":false},{"ty":"st","c":{"a":0,"k":[0.745097994804,0.141176000237,0.129411995411,1],"ix":3},"o":{"a":0,"k":100,"ix":4},"w":{"a":0,"k":0,"ix":5},"lc":1,"lj":1,"ml":4,"bm":0,"nm":"Stroke 1","mn":"ADBE Vector Graphic - Stroke","hd":false},{"ty":"fl","c":{"a":0,"k":[0.9019607843137255,1,0.7803921568627451,1],"ix":4},"o":{"a":0,"k":100,"ix":5},"r":1,"bm":0,"nm":"Fill 1","mn":"ADBE Vector Graphic - Fill","hd":false},{"ty":"tr","p":{"a":0,"k":[0,0],"ix":2},"a":{"a":0,"k":[0,0],"ix":1},"s":{"a":0,"k":[100,100],"ix":3},"r":{"a":0,"k":0,"ix":6},"o":{"a":0,"k":100,"ix":7},"sk":{"a":0,"k":0,"ix":4},"sa":{"a":0,"k":0,"ix":5},"nm":"Transform"}],"nm":"Shape 2","np":3,"cix":2,"bm":0,"ix":1,"mn":"ADBE Vector Group","hd":false},{"ty":"gr","it":[{"ind":0,"ty":"sh","ix":1,"ks":{"a":0,"k":{"i":[[0,0],[-2.481,-12.015],[-1.24,-4.105],[1.915,6.169],[2.102,16.813],[2.692,-8.613],[2.616,8.637],[0,0],[2.53,-7.764],[-0.83,2.661],[-0.904,4.192],[-3.599,9.582],[-7.764,9.41],[6.69,25.848],[-2.146,-1.931],[-5.384,-6.998]],"o":[[4.522,11.403],[0.867,4.199],[0.806,2.669],[-2.414,-7.778],[0,0],[-2.691,8.614],[-2.616,-8.638],[-2.314,17.284],[-1.878,5.764],[1.276,-4.094],[2.586,-11.992],[5.858,-15.593],[-5.134,19.39],[1.337,1.675],[10.768,9.691],[5.384,6.999]],"v":[[189.923,109.627],[196.845,145.77],[199.944,158.186],[179.774,167.313],[172.487,128.016],[165.623,166.663],[102.809,165.801],[95.02,130.329],[88.202,165.23],[68.29,159.519],[71.497,147.132],[77.311,108.462],[113.23,80.306],[151.406,78.847],[156.586,84.235],[184.581,98.771]],"c":true},"ix":2},"nm":"Path 1","mn":"ADBE Vector Shape - Group","hd":false},{"ty":"st","c":{"a":0,"k":[0.745097994804,0.141176000237,0.129411995411,1],"ix":3},"o":{"a":0,"k":100,"ix":4},"w":{"a":0,"k":0,"ix":5},"lc":1,"lj":1,"ml":4,"bm":0,"nm":"Stroke 1","mn":"ADBE Vector Graphic - Stroke","hd":false},{"ty":"fl","c":{"a":0,"k":[0.8745098039215686,0.9686274509803922,0.7568627450980392,1],"ix":4},"o":{"a":0,"k":100,"ix":5},"r":1,"bm":0,"nm":"Fill 1","mn":"ADBE Vector Graphic - Fill","hd":false},{"ty":"tr","p":{"a":0,"k":[0,0],"ix":2},"a":{"a":0,"k":[0,0],"ix":1},"s":{"a":0,"k":[100,100],"ix":3},"r":{"a":0,"k":0,"ix":6},"o":{"a":0,"k":100,"ix":7},"sk":{"a":0,"k":0,"ix":4},"sa":{"a":0,"k":0,"ix":5},"nm":"Transform"}],"nm":"Shape 1","np":3,"cix":2,"bm":0,"ix":2,"mn":"ADBE Vector Group","hd":false}],"ip":0,"op":169,"st":0,"bm":0},{"ddd":0,"ind":4,"ty":4,"nm":"Pant","parent":1,"sr":1,"ks":{"o":{"a":0,"k":100,"ix":11},"r":{"a":0,"k":0,"ix":10},"p":{"a":0,"k":[-2,40,0],"ix":2},"a":{"a":0,"k":[133.596,126.196,0],"ix":1},"s":{"a":0,"k":[100,100,100],"ix":6}},"ao":0,"shapes":[{"ty":"gr","it":[{"ind":0,"ty":"sh","ix":1,"ks":{"a":0,"k":{"i":[[3.742,18.113],[0,0],[-1.615,-5.384],[-2.154,-2.155],[-23.687,-8.614],[27.261,-6.586]],"o":[[0,0],[0,0],[1.616,5.383],[0,0],[0,0],[9.886,-6.086]],"v":[[167.354,183.833],[168.43,187.064],[172.16,194.601],[177.006,208.637],[226.573,211.078],[166.585,213.407]],"c":true},"ix":2},"nm":"Path 1","mn":"ADBE Vector Shape - Group","hd":false},{"ty":"st","c":{"a":0,"k":[0.745097994804,0.141176000237,0.129411995411,1],"ix":3},"o":{"a":0,"k":100,"ix":4},"w":{"a":0,"k":0,"ix":5},"lc":1,"lj":1,"ml":4,"bm":0,"nm":"Stroke 1","mn":"ADBE Vector Graphic - Stroke","hd":false},{"ty":"fl","c":{"a":0,"k":[0.403921574354,0.384313732386,0.670588254929,1],"ix":4},"o":{"a":0,"k":100,"ix":5},"r":1,"bm":0,"nm":"Fill 1","mn":"ADBE Vector Graphic - Fill","hd":false},{"ty":"tr","p":{"a":0,"k":[0,0],"ix":2},"a":{"a":0,"k":[0,0],"ix":1},"s":{"a":0,"k":[100,100],"ix":3},"r":{"a":0,"k":0,"ix":6},"o":{"a":0,"k":100,"ix":7},"sk":{"a":0,"k":0,"ix":4},"sa":{"a":0,"k":0,"ix":5},"nm":"Transform"}],"nm":"Shape 5","np":3,"cix":2,"bm":0,"ix":1,"mn":"ADBE Vector Group","hd":false},{"ty":"gr","it":[{"ind":0,"ty":"sh","ix":1,"ks":{"a":0,"k":{"i":[[-8.176,-5.895],[0,0],[0,0],[-1.662,5.37],[0,0],[0,0]],"o":[[-32.426,-7.395],[23.763,-8.406],[2.172,-2.135],[1.662,-5.369],[0,0],[-5.059,23.63]],"v":[[101.272,214.341],[39.442,212.667],[90.282,210.663],[95.754,196.42],[99.05,188.912],[99.405,185.066]],"c":true},"ix":2},"nm":"Path 1","mn":"ADBE Vector Shape - Group","hd":false},{"ty":"st","c":{"a":0,"k":[0.745097994804,0.141176000237,0.129411995411,1],"ix":3},"o":{"a":0,"k":100,"ix":4},"w":{"a":0,"k":0,"ix":5},"lc":1,"lj":1,"ml":4,"bm":0,"nm":"Stroke 1","mn":"ADBE Vector Graphic - Stroke","hd":false},{"ty":"fl","c":{"a":0,"k":[0.403921574354,0.384313732386,0.670588254929,1],"ix":4},"o":{"a":0,"k":100,"ix":5},"r":1,"bm":0,"nm":"Fill 1","mn":"ADBE Vector Graphic - Fill","hd":false},{"ty":"tr","p":{"a":0,"k":[0,0],"ix":2},"a":{"a":0,"k":[0,0],"ix":1},"s":{"a":0,"k":[100,100],"ix":3},"r":{"a":0,"k":0,"ix":6},"o":{"a":0,"k":100,"ix":7},"sk":{"a":0,"k":0,"ix":4},"sa":{"a":0,"k":0,"ix":5},"nm":"Transform"}],"nm":"Shape 4","np":3,"cix":2,"bm":0,"ix":2,"mn":"ADBE Vector Group","hd":false},{"ty":"gr","it":[{"ind":0,"ty":"sh","ix":1,"ks":{"a":0,"k":{"i":[[-5.063,-5.663],[0,0],[0,0],[8.595,2.23],[0,0],[-15.074,-0.73],[0,0],[8.032,2.311],[11.778,2.748],[0,0],[-10.899,-3.607]],"o":[[6.312,5.462],[0,0],[0,0],[-8.594,-2.228],[-6.255,-7.775],[15.074,0.73],[-2.846,-5.596],[-29.505,-8.488],[-12.966,-3.026],[0.746,-0.733],[44.531,14.736]],"v":[[116.784,238.484],[123.746,255.436],[82.854,256.53],[36.556,255.875],[23.226,249.596],[40.522,251.591],[119.067,250.042],[111.726,235.309],[69.068,222.447],[47.157,227.163],[70.066,221.584]],"c":true},"ix":2},"nm":"Path 1","mn":"ADBE Vector Shape - Group","hd":false},{"ty":"st","c":{"a":0,"k":[0.745097994804,0.141176000237,0.129411995411,1],"ix":3},"o":{"a":0,"k":100,"ix":4},"w":{"a":0,"k":0,"ix":5},"lc":1,"lj":1,"ml":4,"bm":0,"nm":"Stroke 1","mn":"ADBE Vector Graphic - Stroke","hd":false},{"ty":"fl","c":{"a":0,"k":[0.403921574354,0.384313732386,0.670588254929,1],"ix":4},"o":{"a":0,"k":100,"ix":5},"r":1,"bm":0,"nm":"Fill 1","mn":"ADBE Vector Graphic - Fill","hd":false},{"ty":"tr","p":{"a":0,"k":[0,0],"ix":2},"a":{"a":0,"k":[0,0],"ix":1},"s":{"a":0,"k":[100,100],"ix":3},"r":{"a":0,"k":0,"ix":6},"o":{"a":0,"k":100,"ix":7},"sk":{"a":0,"k":0,"ix":4},"sa":{"a":0,"k":0,"ix":5},"nm":"Transform"}],"nm":"Shape 3","np":3,"cix":2,"bm":0,"ix":3,"mn":"ADBE Vector Group","hd":false},{"ty":"gr","it":[{"ind":0,"ty":"sh","ix":1,"ks":{"a":0,"k":{"i":[[13.936,-0.155],[-11.91,-9.191],[-30.977,2.618],[-1.013,16.756],[5.384,-3.229],[8.614,-2.154],[0,0],[0,0],[2.171,-0.158],[9.436,0.885],[5.636,1.039],[5.921,0],[-2.55,-1.37],[-20.169,2.148],[-0.494,-0.369],[14.229,-2.47]],"o":[[6.686,4.345],[0,0],[0,0],[2.691,7.538],[0,0],[-8.613,2.154],[0,0],[0,0],[0,0],[-4.689,-4.24],[-2.117,-0.39],[3.959,-1.032],[10.977,5.897],[14.134,-1.505],[0.718,0.535],[-17.826,3.095]],"v":[[138.66,235.601],[173.006,248.137],[236.073,247.578],[248.609,226.19],[243.975,247.898],[231.342,254.321],[184.043,254.571],[176.756,254.571],[171.939,254.245],[162.66,246.561],[141.335,241.407],[127.608,230.946],[135.62,232.549],[185.675,221.688],[208.137,226.578],[183.89,223.197]],"c":true},"ix":2},"nm":"Path 1","mn":"ADBE Vector Shape - Group","hd":false},{"ty":"st","c":{"a":0,"k":[0.745097994804,0.141176000237,0.129411995411,1],"ix":3},"o":{"a":0,"k":100,"ix":4},"w":{"a":0,"k":0,"ix":5},"lc":1,"lj":1,"ml":4,"bm":0,"nm":"Stroke 1","mn":"ADBE Vector Graphic - Stroke","hd":false},{"ty":"fl","c":{"a":0,"k":[0.403921574354,0.384313732386,0.670588254929,1],"ix":4},"o":{"a":0,"k":100,"ix":5},"r":1,"bm":0,"nm":"Fill 1","mn":"ADBE Vector Graphic - Fill","hd":false},{"ty":"tr","p":{"a":0,"k":[0,0],"ix":2},"a":{"a":0,"k":[0,0],"ix":1},"s":{"a":0,"k":[100,100],"ix":3},"r":{"a":0,"k":0,"ix":6},"o":{"a":0,"k":100,"ix":7},"sk":{"a":0,"k":0,"ix":4},"sa":{"a":0,"k":0,"ix":5},"nm":"Transform"}],"nm":"Shape 2","np":3,"cix":2,"bm":0,"ix":4,"mn":"ADBE Vector Group","hd":false},{"ty":"gr","it":[{"ind":0,"ty":"sh","ix":1,"ks":{"a":0,"k":{"i":[[-13.383,5.613],[0,0],[-1.615,-5.384],[-2.154,-2.155],[-23.687,-8.614],[-2.692,-7.537],[5.384,-3.229],[8.614,-2.154],[0,0],[0,0],[2.171,-0.158],[9.436,0.885],[5.636,1.039],[5.921,0],[6.562,-5.788],[0,0],[0,0],[8.595,2.23],[0,0],[-2.758,7.514],[0,0],[0,0],[-1.662,5.37],[0,0],[0,0]],"o":[[0,0],[0,0],[1.616,5.383],[0,0],[0,0],[2.691,7.538],[0,0],[-8.613,2.154],[0,0],[0,0],[0,0],[-4.689,-4.24],[-2.117,-0.39],[-5.923,0],[6.312,5.462],[0,0],[0,0],[-8.594,-2.228],[-5.355,-3.278],[2.757,-7.513],[23.763,-8.406],[2.172,-2.135],[1.662,-5.369],[0,0],[22.191,3.63]],"v":[[167.354,183.833],[168.43,187.064],[172.16,194.601],[177.006,208.637],[226.573,211.078],[248.609,226.19],[243.975,247.898],[231.342,254.321],[184.043,254.571],[176.756,254.571],[171.939,254.245],[162.66,246.561],[141.335,241.407],[127.608,230.946],[116.034,239.859],[123.746,255.436],[82.854,256.53],[36.556,255.875],[23.226,249.596],[17.772,228.591],[39.442,212.667],[90.282,210.663],[95.754,196.42],[99.05,188.912],[99.405,185.066]],"c":true},"ix":2},"nm":"Path 1","mn":"ADBE Vector Shape - Group","hd":false},{"ty":"st","c":{"a":0,"k":[0.745097994804,0.141176000237,0.129411995411,1],"ix":3},"o":{"a":0,"k":100,"ix":4},"w":{"a":0,"k":0,"ix":5},"lc":1,"lj":1,"ml":4,"bm":0,"nm":"Stroke 1","mn":"ADBE Vector Graphic - Stroke","hd":false},{"ty":"fl","c":{"a":0,"k":[0.498039215803,0.470588237047,0.823529422283,1],"ix":4},"o":{"a":0,"k":100,"ix":5},"r":1,"bm":0,"nm":"Fill 1","mn":"ADBE Vector Graphic - Fill","hd":false},{"ty":"tr","p":{"a":0,"k":[0,0],"ix":2},"a":{"a":0,"k":[0,0],"ix":1},"s":{"a":0,"k":[100,100],"ix":3},"r":{"a":0,"k":0,"ix":6},"o":{"a":0,"k":100,"ix":7},"sk":{"a":0,"k":0,"ix":4},"sa":{"a":0,"k":0,"ix":5},"nm":"Transform"}],"nm":"Shape 1","np":3,"cix":2,"bm":0,"ix":5,"mn":"ADBE Vector Group","hd":false}],"ip":0,"op":169,"st":0,"bm":0},{"ddd":0,"ind":5,"ty":4,"nm":"Body","parent":1,"sr":1,"ks":{"o":{"a":0,"k":100,"ix":11},"r":{"a":0,"k":0,"ix":10},"p":{"a":0,"k":[-2,40,0],"ix":2},"a":{"a":0,"k":[133.596,126.196,0],"ix":1},"s":{"a":0,"k":[100,100,100],"ix":6}},"ao":0,"shapes":[{"ty":"gr","it":[{"ind":0,"ty":"sh","ix":1,"ks":{"a":0,"k":{"i":[[0,0],[-3.25,4.25]],"o":[[0,0],[3.25,-4.25]],"v":[[125.971,51.946],[134.846,50.071]],"c":false},"ix":2},"nm":"Path 1","mn":"ADBE Vector Shape - Group","hd":false},{"ty":"st","c":{"a":0,"k":[0.666666686535,0.43935328722,0.358169943094,1],"ix":3},"o":{"a":0,"k":100,"ix":4},"w":{"a":0,"k":1,"ix":5},"lc":1,"lj":1,"ml":4,"bm":0,"nm":"Stroke 1","mn":"ADBE Vector Graphic - Stroke","hd":false},{"ty":"tr","p":{"a":0,"k":[0,0],"ix":2},"a":{"a":0,"k":[0,0],"ix":1},"s":{"a":0,"k":[100,100],"ix":3},"r":{"a":0,"k":0,"ix":6},"o":{"a":0,"k":100,"ix":7},"sk":{"a":0,"k":0,"ix":4},"sa":{"a":0,"k":0,"ix":5},"nm":"Transform"}],"nm":"Shape 8","np":3,"cix":2,"bm":0,"ix":1,"mn":"ADBE Vector Group","hd":false},{"ty":"gr","it":[{"ind":0,"ty":"sh","ix":1,"ks":{"a":0,"k":{"i":[[-0.188,0.5],[0,0],[-1.5,0]],"o":[[-2.375,2],[0,0],[1.5,0]],"v":[[134.221,43.196],[126.346,44.633],[129.971,46.133]],"c":true},"ix":2},"nm":"Path 1","mn":"ADBE Vector Shape - Group","hd":false},{"ty":"st","c":{"a":0,"k":[0.078431375325,0.160784319043,0.215686276555,1],"ix":3},"o":{"a":0,"k":100,"ix":4},"w":{"a":0,"k":0,"ix":5},"lc":1,"lj":1,"ml":4,"bm":0,"nm":"Stroke 1","mn":"ADBE Vector Graphic - Stroke","hd":false},{"ty":"fl","c":{"a":0,"k":[0.78823530674,0.524025976658,0.429665505886,1],"ix":4},"o":{"a":0,"k":100,"ix":5},"r":1,"bm":0,"nm":"Fill 1","mn":"ADBE Vector Graphic - Fill","hd":false},{"ty":"tr","p":{"a":0,"k":[0,0],"ix":2},"a":{"a":0,"k":[0,0],"ix":1},"s":{"a":0,"k":[100,100],"ix":3},"r":{"a":0,"k":0,"ix":6},"o":{"a":0,"k":100,"ix":7},"sk":{"a":0,"k":0,"ix":4},"sa":{"a":0,"k":0,"ix":5},"nm":"Transform"}],"nm":"Shape 7","np":3,"cix":2,"bm":0,"ix":2,"mn":"ADBE Vector Group","hd":false},{"ty":"gr","it":[{"ind":0,"ty":"sh","ix":1,"ks":{"a":0,"k":{"i":[[0,0],[8,-0.25]],"o":[[0,0],[-8,0.25]],"v":[[148.096,27.571],[137.221,23.071]],"c":false},"ix":2},"nm":"Path 1","mn":"ADBE Vector Shape - Group","hd":false},{"ty":"st","c":{"a":0,"k":[0.078431375325,0.160784319043,0.215686276555,1],"ix":3},"o":{"a":0,"k":100,"ix":4},"w":{"a":0,"k":1,"ix":5},"lc":1,"lj":1,"ml":4,"bm":0,"nm":"Stroke 1","mn":"ADBE Vector Graphic - Stroke","hd":false},{"ty":"tr","p":{"a":0,"k":[0,0],"ix":2},"a":{"a":0,"k":[0,0],"ix":1},"s":{"a":0,"k":[100,100],"ix":3},"r":{"a":0,"k":0,"ix":6},"o":{"a":0,"k":100,"ix":7},"sk":{"a":0,"k":0,"ix":4},"sa":{"a":0,"k":0,"ix":5},"nm":"Transform"}],"nm":"Shape 6","np":3,"cix":2,"bm":0,"ix":3,"mn":"ADBE Vector Group","hd":false},{"ty":"gr","it":[{"ind":0,"ty":"sh","ix":1,"ks":{"a":0,"k":{"i":[[0,0],[-7.875,-0.375]],"o":[[0,0],[7.875,0.375]],"v":[[112.346,28.196],[123.471,23.571]],"c":false},"ix":2},"nm":"Path 1","mn":"ADBE Vector Shape - Group","hd":false},{"ty":"st","c":{"a":0,"k":[0.078431375325,0.160784319043,0.215686276555,1],"ix":3},"o":{"a":0,"k":100,"ix":4},"w":{"a":0,"k":1,"ix":5},"lc":1,"lj":1,"ml":4,"bm":0,"nm":"Stroke 1","mn":"ADBE Vector Graphic - Stroke","hd":false},{"ty":"tr","p":{"a":0,"k":[0,0],"ix":2},"a":{"a":0,"k":[0,0],"ix":1},"s":{"a":0,"k":[100,100],"ix":3},"r":{"a":0,"k":0,"ix":6},"o":{"a":0,"k":100,"ix":7},"sk":{"a":0,"k":0,"ix":4},"sa":{"a":0,"k":0,"ix":5},"nm":"Transform"}],"nm":"Shape 5","np":3,"cix":2,"bm":0,"ix":4,"mn":"ADBE Vector Group","hd":false},{"ty":"gr","it":[{"ind":0,"ty":"sh","ix":1,"ks":{"a":0,"k":{"i":[[-0.125,0.125],[3.5,0.035],[0.031,-0.031],[-4.188,-0.063]],"o":[[0.125,-0.125],[-3.094,-0.031],[0.438,0.781],[3.812,0.057]],"v":[[148.096,31.008],[142.69,33.227],[137.221,31.258],[142.971,33.946]],"c":true},"ix":2},"nm":"Path 1","mn":"ADBE Vector Shape - Group","hd":false},{"ty":"st","c":{"a":0,"k":[0.745097994804,0.141176000237,0.129411995411,1],"ix":3},"o":{"a":0,"k":100,"ix":4},"w":{"a":0,"k":0,"ix":5},"lc":1,"lj":1,"ml":4,"bm":0,"nm":"Stroke 1","mn":"ADBE Vector Graphic - Stroke","hd":false},{"ty":"fl","c":{"a":0,"k":[0.078431375325,0.160784319043,0.215686276555,1],"ix":4},"o":{"a":0,"k":100,"ix":5},"r":1,"bm":0,"nm":"Fill 1","mn":"ADBE Vector Graphic - Fill","hd":false},{"ty":"tr","p":{"a":0,"k":[0,0],"ix":2},"a":{"a":0,"k":[0,0],"ix":1},"s":{"a":0,"k":[100,100],"ix":3},"r":{"a":0,"k":0,"ix":6},"o":{"a":0,"k":100,"ix":7},"sk":{"a":0,"k":0,"ix":4},"sa":{"a":0,"k":0,"ix":5},"nm":"Transform"}],"nm":"Shape 4","np":3,"cix":2,"bm":0,"ix":5,"mn":"ADBE Vector Group","hd":false},{"ty":"gr","it":[{"ind":0,"ty":"sh","ix":1,"ks":{"a":0,"k":{"i":[[-0.125,0.125],[3.5,0.035],[0.031,-0.031],[-4.188,-0.063]],"o":[[0.125,-0.125],[-3.094,-0.031],[0.438,0.781],[3.812,0.057]],"v":[[123.596,31.008],[118.19,33.227],[112.721,31.258],[118.471,33.946]],"c":true},"ix":2},"nm":"Path 1","mn":"ADBE Vector Shape - Group","hd":false},{"ty":"st","c":{"a":0,"k":[0.745097994804,0.141176000237,0.129411995411,1],"ix":3},"o":{"a":0,"k":100,"ix":4},"w":{"a":0,"k":0,"ix":5},"lc":1,"lj":1,"ml":4,"bm":0,"nm":"Stroke 1","mn":"ADBE Vector Graphic - Stroke","hd":false},{"ty":"fl","c":{"a":0,"k":[0.078431375325,0.160784319043,0.215686276555,1],"ix":4},"o":{"a":0,"k":100,"ix":5},"r":1,"bm":0,"nm":"Fill 1","mn":"ADBE Vector Graphic - Fill","hd":false},{"ty":"tr","p":{"a":0,"k":[0,0],"ix":2},"a":{"a":0,"k":[0,0],"ix":1},"s":{"a":0,"k":[100,100],"ix":3},"r":{"a":0,"k":0,"ix":6},"o":{"a":0,"k":100,"ix":7},"sk":{"a":0,"k":0,"ix":4},"sa":{"a":0,"k":0,"ix":5},"nm":"Transform"}],"nm":"Shape 3","np":3,"cix":2,"bm":0,"ix":6,"mn":"ADBE Vector Group","hd":false},{"ty":"gr","it":[{"ind":0,"ty":"sh","ix":1,"ks":{"a":0,"k":{"i":[[-1.938,8],[0,0],[0.438,-5.25],[0,0]],"o":[[-15.688,19.625],[0,0],[9.5,-7.375],[0,0]],"v":[[147.409,56.571],[114.409,56.571],[116.159,73.196],[147.096,71.071]],"c":true},"ix":2},"nm":"Path 1","mn":"ADBE Vector Shape - Group","hd":false},{"ty":"st","c":{"a":0,"k":[0.745097994804,0.141176000237,0.129411995411,1],"ix":3},"o":{"a":0,"k":100,"ix":4},"w":{"a":0,"k":0,"ix":5},"lc":1,"lj":1,"ml":4,"bm":0,"nm":"Stroke 1","mn":"ADBE Vector Graphic - Stroke","hd":false},{"ty":"fl","c":{"a":0,"k":[0.827450990677,0.545314967632,0.444552093744,1],"ix":4},"o":{"a":0,"k":100,"ix":5},"r":1,"bm":0,"nm":"Fill 1","mn":"ADBE Vector Graphic - Fill","hd":false},{"ty":"tr","p":{"a":0,"k":[0,0],"ix":2},"a":{"a":0,"k":[0,0],"ix":1},"s":{"a":0,"k":[100,100],"ix":3},"r":{"a":0,"k":0,"ix":6},"o":{"a":0,"k":100,"ix":7},"sk":{"a":0,"k":0,"ix":4},"sa":{"a":0,"k":0,"ix":5},"nm":"Transform"}],"nm":"Shape 2","np":3,"cix":2,"bm":0,"ix":7,"mn":"ADBE Vector Group","hd":false},{"ty":"gr","it":[{"ind":0,"ty":"sh","ix":1,"ks":{"a":0,"k":{"i":[[0,0],[-2.481,-12.015],[-1.24,-4.105],[-1.379,-2.422],[-1.58,-1.829],[-6.216,-7.195],[-2.386,-2.355],[-2.153,-1.077],[-2.693,0.538],[-3.768,-1.076],[-1.076,-0.538],[3.769,-1.077],[0,0],[-3.229,0.538],[0,5.384],[-1.986,0.993],[0,0],[-2.153,-0.539],[0,0],[0.538,-1.616],[0,0],[1.616,0],[0,0],[2.153,1.615],[3.768,3.769],[7.537,7.538],[2.154,5.384],[3.769,30.149],[2.692,-8.613],[-1.077,-3.768],[0,0],[-1.615,-5.384],[-2.154,-2.155],[-23.687,-8.614],[-2.692,-7.537],[5.384,-3.229],[8.614,-2.154],[0,0],[0,0],[2.171,-0.158],[0,0],[0.573,0],[5.921,0],[8.076,-1.615],[0,0],[0,0],[8.595,2.23],[0,0],[-2.758,7.514],[0,0],[0,0],[-1.662,5.37],[0,0],[0,0],[2.616,8.637],[0,0],[2.201,-5.364],[7.603,-7.472],[0,0],[2.168,-1.596],[0,0],[1.615,0.014],[0,0],[0,0],[0,0],[0,0],[0,0],[-1.072,-0.546],[0,0],[0,0],[0,0],[3.759,1.11],[-1.081,0.53],[-3.778,1.043],[-2.687,-0.561],[0,0],[-2.244,2.175],[-2.214,2.517],[-6.279,7.14],[-1.214,2.089],[-0.83,2.661],[-0.904,4.192],[-3.599,9.582],[-0.921,16],[6.461,5.384],[-1.077,7.537],[-0.538,6.998],[-10.767,4.307],[-13.948,-10.438],[0.268,-0.433],[0,0],[3.348,-4.872],[0,0],[0.538,-7.537],[-10.767,-9.691],[-5.384,-6.998]],"o":[[4.522,11.403],[0.867,4.199],[0.806,2.669],[1.197,2.099],[6.215,7.196],[2.191,2.536],[2.224,2.195],[0,0],[2.691,-0.538],[3.769,1.078],[1.077,0.539],[-3.768,1.076],[0,0],[0,0],[0,0],[1.076,-0.538],[0,0],[0,0],[0,0],[0,0],[0,0],[-1.615,0],[0,0],[-2.155,-1.616],[0,0],[-7.538,-7.537],[-2.153,-5.383],[0,0],[-2.691,8.614],[0,0],[0,0],[1.616,5.383],[0,0],[0,0],[2.691,7.538],[0,0],[-8.613,2.154],[0,0],[0,0],[0,0],[-0.813,0.056],[-2.153,0],[-5.923,0],[0,0],[0,0],[0,0],[-8.594,-2.228],[-5.355,-3.278],[2.757,-7.513],[23.763,-8.406],[2.172,-2.135],[1.662,-5.369],[0,0],[1.109,-3.759],[-2.616,-8.638],[-4.032,30.114],[-2.2,5.364],[-7.603,7.471],[-3.801,3.735],[-2.167,1.596],[0,0],[-1.615,-0.014],[0,0],[-0.524,-1.62],[0,0],[2.158,-0.519],[0,0],[1.976,1.011],[-0.047,5.383],[3.225,0.567],[0,0],[-3.76,-1.109],[1.082,-0.529],[3.778,-1.044],[2.687,0.563],[2.163,-1.058],[2.406,-2.334],[6.278,-7.14],[1.596,-1.815],[1.401,-2.41],[1.276,-4.094],[2.586,-11.992],[7.155,-19.047],[0,0],[-6.46,-5.383],[1.077,-7.537],[0.539,-6.999],[0,0],[10.397,7.781],[1.768,1.942],[0,0],[-1.152,2.128],[0,0],[-0.538,7.538],[10.768,9.691],[5.384,6.999]],"v":[[189.173,109.627],[195.595,145.77],[198.944,158.186],[201.947,165.971],[206.315,171.743],[224.963,193.328],[231.735,200.758],[238.418,205.906],[241.649,205.906],[252.954,206.982],[263.721,208.598],[260.491,212.905],[254.03,213.443],[259.952,219.365],[260.491,213.981],[262.645,210.213],[263.721,212.905],[266.413,211.29],[265.336,218.827],[266.413,220.981],[256.723,224.749],[254.03,225.287],[245.417,223.134],[241.649,221.519],[229.266,213.443],[200.733,193.523],[184.581,175.219],[172.737,126.766],[164.123,163.913],[167.354,183.833],[168.43,187.064],[171.66,194.601],[176.506,209.137],[226.573,211.828],[248.109,227.44],[242.725,247.898],[230.342,253.821],[184.043,253.821],[176.506,253.821],[171.939,254.245],[171.66,255.436],[163.585,253.282],[146.358,253.821],[124.284,254.359],[123.746,255.436],[82.854,255.53],[36.556,255.125],[24.226,249.096],[19.022,228.591],[40.692,213.167],[90.782,210.913],[95.754,196.42],[99.05,188.912],[100.155,185.691],[103.559,165.801],[95.27,128.579],[83.003,176.927],[66.693,195.09],[37.986,214.759],[25.533,222.726],[21.751,224.308],[13.119,226.386],[10.432,225.824],[0.774,221.971],[1.87,219.827],[0.859,212.28],[3.537,213.919],[4.637,211.236],[6.757,215.024],[7.249,220.412],[13.222,214.542],[6.767,213.947],[3.574,209.612],[14.355,208.092],[25.67,207.113],[28.9,207.142],[35.629,202.053],[42.465,194.682],[61.301,173.261],[65.718,167.527],[68.79,159.769],[72.247,147.382],[79.061,108.462],[116.209,72.929],[110.286,50.856],[102.211,35.782],[104.364,26.63],[114.593,0.25],[147.497,1],[156.781,27.745],[159.364,30.788],[158.201,44.934],[151.24,50.683],[146.896,61.085],[156.586,84.235],[184.581,98.771]],"c":true},"ix":2},"nm":"Path 1","mn":"ADBE Vector Shape - Group","hd":false},{"ty":"st","c":{"a":0,"k":[0.745097994804,0.141176000237,0.129411995411,1],"ix":3},"o":{"a":0,"k":100,"ix":4},"w":{"a":0,"k":0,"ix":5},"lc":1,"lj":1,"ml":4,"bm":0,"nm":"Stroke 1","mn":"ADBE Vector Graphic - Stroke","hd":false},{"ty":"fl","c":{"a":0,"k":[0.960784316063,0.629434883595,0.51372551918,1],"ix":4},"o":{"a":0,"k":100,"ix":5},"r":1,"bm":0,"nm":"Fill 1","mn":"ADBE Vector Graphic - Fill","hd":false},{"ty":"tr","p":{"a":0,"k":[0,0],"ix":2},"a":{"a":0,"k":[0,0],"ix":1},"s":{"a":0,"k":[100,100],"ix":3},"r":{"a":0,"k":0,"ix":6},"o":{"a":0,"k":100,"ix":7},"sk":{"a":0,"k":0,"ix":4},"sa":{"a":0,"k":0,"ix":5},"nm":"Transform"}],"nm":"Shape 1","np":3,"cix":2,"bm":0,"ix":8,"mn":"ADBE Vector Group","hd":false}],"ip":0,"op":169,"st":0,"bm":0},{"ddd":0,"ind":6,"ty":4,"nm":"Hair_Back","parent":1,"sr":1,"ks":{"o":{"a":0,"k":100,"ix":11},"r":{"a":0,"k":0,"ix":10},"p":{"a":0,"k":[0,0,0],"ix":2},"a":{"a":0,"k":[0,0,0],"ix":1},"s":{"a":0,"k":[100,100,100],"ix":6}},"ao":0,"shapes":[{"ty":"gr","it":[{"ind":0,"ty":"sh","ix":1,"ks":{"a":0,"k":{"i":[[8,1.25],[0.25,-27.5],[1.25,-16.75],[-35.378,24.973],[7.5,12.25]],"o":[[-8,-1.25],[-0.25,27.5],[-1.157,15.507],[34,-24],[-10.256,-16.752]],"v":[[13.5,-69],[-30.5,-45.5],[-38.25,-1],[47.5,45.5],[29.5,-20.5]],"c":true},"ix":2},"nm":"Path 1","mn":"ADBE Vector Shape - Group","hd":false},{"ty":"st","c":{"a":0,"k":[0.745097994804,0.141176000237,0.129411995411,1],"ix":3},"o":{"a":0,"k":100,"ix":4},"w":{"a":0,"k":0,"ix":5},"lc":1,"lj":1,"ml":4,"bm":0,"nm":"Stroke 1","mn":"ADBE Vector Graphic - Stroke","hd":false},{"ty":"fl","c":{"a":0,"k":[0.015732409433,0.071019984782,0.121568627656,1],"ix":4},"o":{"a":0,"k":100,"ix":5},"r":1,"bm":0,"nm":"Fill 1","mn":"ADBE Vector Graphic - Fill","hd":false},{"ty":"tr","p":{"a":0,"k":[0,0],"ix":2},"a":{"a":0,"k":[0,0],"ix":1},"s":{"a":0,"k":[100,100],"ix":3},"r":{"a":0,"k":0,"ix":6},"o":{"a":0,"k":100,"ix":7},"sk":{"a":0,"k":0,"ix":4},"sa":{"a":0,"k":0,"ix":5},"nm":"Transform"}],"nm":"Shape 1","np":3,"cix":2,"bm":0,"ix":1,"mn":"ADBE Vector Group","hd":false},{"ty":"gr","it":[{"ind":0,"ty":"sh","ix":1,"ks":{"a":0,"k":{"i":[[12.5,23],[32.452,4.275],[2.156,-12.245],[-1.177,-7.706],[0,-34],[-48.303,31.422],[18.981,16.04]],"o":[[-3.784,-6.962],[-15.097,-1.989],[-10.844,3.505],[5.5,36],[0,15.55],[46.5,-30.25],[-17.75,-15]],"v":[[31.5,-77.25],[-5.452,-105.775],[-38.406,-84.005],[-49,-63.5],[-53.5,1],[47.5,45.5],[46.5,-43.75]],"c":true},"ix":2},"nm":"Path 1","mn":"ADBE Vector Shape - Group","hd":false},{"ty":"st","c":{"a":0,"k":[0.745097994804,0.141176000237,0.129411995411,1],"ix":3},"o":{"a":0,"k":100,"ix":4},"w":{"a":0,"k":0,"ix":5},"lc":1,"lj":1,"ml":4,"bm":0,"nm":"Stroke 1","mn":"ADBE Vector Graphic - Stroke","hd":false},{"ty":"fl","c":{"a":0,"k":[0.039215687662,0.176470592618,0.301960796118,1],"ix":4},"o":{"a":0,"k":100,"ix":5},"r":1,"bm":0,"nm":"Fill 1","mn":"ADBE Vector Graphic - Fill","hd":false},{"ty":"tr","p":{"a":0,"k":[0,0],"ix":2},"a":{"a":0,"k":[0,0],"ix":1},"s":{"a":0,"k":[100,100],"ix":3},"r":{"a":0,"k":0,"ix":6},"o":{"a":0,"k":100,"ix":7},"sk":{"a":0,"k":0,"ix":4},"sa":{"a":0,"k":0,"ix":5},"nm":"Transform"}],"nm":"Shape 2","np":3,"cix":2,"bm":0,"ix":2,"mn":"ADBE Vector Group","hd":false}],"ip":-66,"op":170,"st":-66,"bm":0},{"ddd":0,"ind":7,"ty":4,"nm":"Halo 2","sr":1,"ks":{"o":{"a":0,"k":100,"ix":11},"r":{"a":0,"k":0,"ix":10},"p":{"a":0,"k":[270,250,0],"ix":2},"a":{"a":0,"k":[0,0,0],"ix":1},"s":{"a":0,"k":[75,75,100],"ix":6}},"ao":0,"shapes":[{"ty":"gr","it":[{"d":1,"ty":"el","s":{"a":0,"k":[300,300],"ix":2},"p":{"a":0,"k":[0,0],"ix":3},"nm":"Ellipse Path 1","mn":"ADBE Vector Shape - Ellipse","hd":false},{"ty":"st","c":{"a":0,"k":[0.5607843137254902,0.7176470588235294,0.3686274509803922,1],"ix":3},"o":{"a":0,"k":100,"ix":4},"w":{"a":0,"k":2,"ix":5},"lc":1,"lj":1,"ml":4,"bm":0,"nm":"Stroke 1","mn":"ADBE Vector Graphic - Stroke","hd":false},{"ty":"tr","p":{"a":0,"k":[0,0],"ix":2},"a":{"a":0,"k":[0,0],"ix":1},"s":{"a":0,"k":[100,100],"ix":3},"r":{"a":1,"k":[{"i":{"x":[0.667],"y":[1]},"o":{"x":[0.333],"y":[0]},"t":-78,"s":[0]},{"i":{"x":[0.667],"y":[1]},"o":{"x":[0.333],"y":[0]},"t":6,"s":[60]},{"i":{"x":[0.667],"y":[1]},"o":{"x":[0.333],"y":[0]},"t":90,"s":[0]},{"i":{"x":[0.667],"y":[1]},"o":{"x":[0.333],"y":[0]},"t":174,"s":[60]},{"i":{"x":[0.667],"y":[1]},"o":{"x":[0.333],"y":[0]},"t":258,"s":[0]},{"i":{"x":[0.667],"y":[1]},"o":{"x":[0.333],"y":[0]},"t":342,"s":[60]},{"t":426,"s":[0]}],"ix":6},"o":{"a":0,"k":100,"ix":7},"sk":{"a":0,"k":26,"ix":4},"sa":{"a":0,"k":0,"ix":5},"nm":"Transform"}],"nm":"Ellipse 1","np":3,"cix":2,"bm":0,"ix":1,"mn":"ADBE Vector Group","hd":false}],"ip":-113,"op":170,"st":-65,"bm":0},{"ddd":0,"ind":8,"ty":4,"nm":"Halo","sr":1,"ks":{"o":{"a":0,"k":100,"ix":11},"r":{"a":0,"k":0,"ix":10},"p":{"a":0,"k":[229.99999999999997,250,0],"ix":2},"a":{"a":0,"k":[0,0,0],"ix":1},"s":{"a":0,"k":[75,75,100],"ix":6}},"ao":0,"shapes":[{"ty":"gr","it":[{"d":1,"ty":"el","s":{"a":0,"k":[300,300],"ix":2},"p":{"a":0,"k":[0,0],"ix":3},"nm":"Ellipse Path 1","mn":"ADBE Vector Shape - Ellipse","hd":false},{"ty":"st","c":{"a":0,"k":[0.5607843137254902,0.7176470588235294,0.3686274509803922,1],"ix":3},"o":{"a":0,"k":100,"ix":4},"w":{"a":0,"k":2,"ix":5},"lc":1,"lj":1,"ml":4,"bm":0,"nm":"Stroke 1","mn":"ADBE Vector Graphic - Stroke","hd":false},{"ty":"tr","p":{"a":0,"k":[0,0],"ix":2},"a":{"a":0,"k":[0,0],"ix":1},"s":{"a":0,"k":[100,100],"ix":3},"r":{"a":1,"k":[{"i":{"x":[0.667],"y":[1]},"o":{"x":[0.333],"y":[0]},"t":-2,"s":[0]},{"i":{"x":[0.667],"y":[1]},"o":{"x":[0.333],"y":[0]},"t":82,"s":[60]},{"i":{"x":[0.667],"y":[1]},"o":{"x":[0.333],"y":[0]},"t":166,"s":[0]},{"i":{"x":[0.667],"y":[1]},"o":{"x":[0.333],"y":[0]},"t":250,"s":[60]},{"i":{"x":[0.667],"y":[1]},"o":{"x":[0.333],"y":[0]},"t":334,"s":[0]},{"i":{"x":[0.667],"y":[1]},"o":{"x":[0.333],"y":[0]},"t":418,"s":[60]},{"t":502,"s":[0]}],"ix":6},"o":{"a":0,"k":100,"ix":7},"sk":{"a":0,"k":26,"ix":4},"sa":{"a":0,"k":0,"ix":5},"nm":"Transform"}],"nm":"Ellipse 1","np":3,"cix":2,"bm":0,"ix":1,"mn":"ADBE Vector Group","hd":false}],"ip":-37,"op":191,"st":11,"bm":0},{"ddd":0,"ind":9,"ty":4,"nm":"Shape Layer 1","sr":1,"ks":{"o":{"a":0,"k":20,"ix":11},"r":{"a":0,"k":0,"ix":10},"p":{"a":0,"k":[250,450,0],"ix":2},"a":{"a":0,"k":[0,0,0],"ix":1},"s":{"a":0,"k":[100,100,100],"ix":6}},"ao":0,"shapes":[{"ty":"gr","it":[{"d":1,"ty":"el","s":{"a":1,"k":[{"i":{"x":[0.667,0.667],"y":[1,1]},"o":{"x":[0.333,0.333],"y":[0,0]},"t":0,"s":[243,8]},{"i":{"x":[0.667,0.667],"y":[1,1]},"o":{"x":[0.333,0.333],"y":[0,0]},"t":84,"s":[186,6]},{"t":168,"s":[243,8]}],"ix":2},"p":{"a":0,"k":[0,0],"ix":3},"nm":"Ellipse Path 1","mn":"ADBE Vector Shape - Ellipse","hd":false},{"ty":"st","c":{"a":0,"k":[0.5607843137254902,0.7176470588235294,0.3686274509803922,1],"ix":3},"o":{"a":0,"k":100,"ix":4},"w":{"a":0,"k":0,"ix":5},"lc":1,"lj":1,"ml":4,"bm":0,"nm":"Stroke 1","mn":"ADBE Vector Graphic - Stroke","hd":false},{"ty":"fl","c":{"a":0,"k":[0.282352954149,0.282352954149,0.282352954149,1],"ix":4},"o":{"a":0,"k":100,"ix":5},"r":1,"bm":0,"nm":"Fill 1","mn":"ADBE Vector Graphic - Fill","hd":false},{"ty":"tr","p":{"a":0,"k":[0,0],"ix":2},"a":{"a":0,"k":[0,0],"ix":1},"s":{"a":0,"k":[100,100],"ix":3},"r":{"a":0,"k":0,"ix":6},"o":{"a":0,"k":100,"ix":7},"sk":{"a":0,"k":0,"ix":4},"sa":{"a":0,"k":0,"ix":5},"nm":"Transform"}],"nm":"Ellipse 1","np":3,"cix":2,"bm":0,"ix":1,"mn":"ADBE Vector Group","hd":false}],"ip":0,"op":169,"st":0,"bm":0},{"ddd":0,"ind":10,"ty":4,"nm":"Circles - 12","sr":1,"ks":{"o":{"a":0,"k":100,"ix":11},"r":{"a":0,"k":71,"ix":10},"p":{"a":0,"k":[376.898,209.72,0],"ix":2},"a":{"a":0,"k":[194.187,88.128,0],"ix":1},"s":{"a":0,"k":[-80,80,100],"ix":6}},"ao":0,"shapes":[{"ty":"gr","it":[{"d":1,"ty":"el","s":{"a":0,"k":[20,20],"ix":2},"p":{"a":1,"k":[{"i":{"x":0.575,"y":0.575},"o":{"x":0.167,"y":0.167},"t":-167,"s":[232,72],"to":[-49.639,1.418],"ti":[15,-43]},{"i":{"x":0.637,"y":0.638},"o":{"x":0.299,"y":0.299},"t":-145.421,"s":[159,168],"to":[-15,43],"ti":[-10,-61]},{"i":{"x":0.656,"y":0.656},"o":{"x":0.315,"y":0.315},"t":-122.066,"s":[73,268],"to":[10,61],"ti":[-36,37]},{"i":{"x":0.669,"y":0.669},"o":{"x":0.333,"y":0.333},"t":-87.196,"s":[253,316],"to":[36,-37],"ti":[-54.512,7.9]},{"i":{"x":0.685,"y":0.685},"o":{"x":0.345,"y":0.345},"t":-67.154,"s":[364,332],"to":[69,-10],"ti":[38,35]},{"i":{"x":0.693,"y":0.693},"o":{"x":0.354,"y":0.354},"t":-39.445,"s":[420,208],"to":[-38,-35],"ti":[46,48]},{"i":{"x":0.833,"y":0.833},"o":{"x":0.445,"y":0.445},"t":-21.189,"s":[327,152],"to":[-38.548,-40.225],"ti":[70,-2]},{"i":{"x":0.575,"y":0.575},"o":{"x":0.167,"y":0.167},"t":1,"s":[232,72],"to":[-49.639,1.418],"ti":[15,-43]},{"i":{"x":0.637,"y":0.638},"o":{"x":0.299,"y":0.299},"t":22.579,"s":[159,168],"to":[-15,43],"ti":[-10,-61]},{"i":{"x":0.656,"y":0.656},"o":{"x":0.315,"y":0.315},"t":45.934,"s":[73,268],"to":[10,61],"ti":[-36,37]},{"i":{"x":0.669,"y":0.669},"o":{"x":0.333,"y":0.333},"t":80.804,"s":[253,316],"to":[36,-37],"ti":[-54.512,7.9]},{"i":{"x":0.685,"y":0.685},"o":{"x":0.345,"y":0.345},"t":100.846,"s":[364,332],"to":[69,-10],"ti":[38,35]},{"i":{"x":0.693,"y":0.693},"o":{"x":0.354,"y":0.354},"t":128.555,"s":[420,208],"to":[-38,-35],"ti":[46,48]},{"i":{"x":0.833,"y":0.833},"o":{"x":0.445,"y":0.445},"t":146.811,"s":[327,152],"to":[-38.548,-40.225],"ti":[70,-2]},{"t":169,"s":[232,72]}],"ix":3},"nm":"Ellipse Path 1","mn":"ADBE Vector Shape - Ellipse","hd":false},{"ty":"st","c":{"a":0,"k":[0.5607843137254902,0.7176470588235294,0.3686274509803922,1],"ix":3},"o":{"a":0,"k":100,"ix":4},"w":{"a":0,"k":0,"ix":5},"lc":1,"lj":1,"ml":4,"bm":0,"nm":"Stroke 1","mn":"ADBE Vector Graphic - Stroke","hd":false},{"ty":"fl","c":{"a":0,"k":[0.5607843137254902,0.7176470588235294,0.3686274509803922,1],"ix":4},"o":{"a":0,"k":100,"ix":5},"r":1,"bm":0,"nm":"Fill 1","mn":"ADBE Vector Graphic - Fill","hd":false},{"ty":"tr","p":{"a":0,"k":[233,73],"ix":2},"a":{"a":0,"k":[233,73],"ix":1},"s":{"a":0,"k":[100,100],"ix":3},"r":{"a":0,"k":0,"ix":6},"o":{"a":0,"k":100,"ix":7},"sk":{"a":0,"k":0,"ix":4},"sa":{"a":0,"k":0,"ix":5},"nm":"Transform"}],"nm":"Ellipse 1","np":3,"cix":2,"bm":0,"ix":1,"mn":"ADBE Vector Group","hd":false}],"ip":-167,"op":191,"st":-167,"bm":0},{"ddd":0,"ind":11,"ty":4,"nm":"Circles - 11","sr":1,"ks":{"o":{"a":0,"k":100,"ix":11},"r":{"a":0,"k":71,"ix":10},"p":{"a":0,"k":[376.898,209.72,0],"ix":2},"a":{"a":0,"k":[194.187,88.128,0],"ix":1},"s":{"a":0,"k":[-80,80,100],"ix":6}},"ao":0,"shapes":[{"ty":"gr","it":[{"d":1,"ty":"el","s":{"a":0,"k":[20,20],"ix":2},"p":{"a":1,"k":[{"i":{"x":0.575,"y":0.575},"o":{"x":0.167,"y":0.167},"t":-122,"s":[232,72],"to":[-49.639,1.418],"ti":[15,-43]},{"i":{"x":0.637,"y":0.638},"o":{"x":0.299,"y":0.299},"t":-100.421,"s":[159,168],"to":[-15,43],"ti":[-10,-61]},{"i":{"x":0.656,"y":0.656},"o":{"x":0.315,"y":0.315},"t":-77.066,"s":[73,268],"to":[10,61],"ti":[-36,37]},{"i":{"x":0.669,"y":0.669},"o":{"x":0.333,"y":0.333},"t":-42.196,"s":[253,316],"to":[36,-37],"ti":[-54.512,7.9]},{"i":{"x":0.685,"y":0.685},"o":{"x":0.345,"y":0.345},"t":-22.154,"s":[364,332],"to":[69,-10],"ti":[38,35]},{"i":{"x":0.693,"y":0.693},"o":{"x":0.354,"y":0.354},"t":5.555,"s":[420,208],"to":[-38,-35],"ti":[46,48]},{"i":{"x":0.833,"y":0.833},"o":{"x":0.445,"y":0.445},"t":23.811,"s":[327,152],"to":[-38.548,-40.225],"ti":[70,-2]},{"i":{"x":0.575,"y":0.575},"o":{"x":0.167,"y":0.167},"t":46,"s":[232,72],"to":[-49.639,1.418],"ti":[15,-43]},{"i":{"x":0.637,"y":0.638},"o":{"x":0.299,"y":0.299},"t":67.579,"s":[159,168],"to":[-15,43],"ti":[-10,-61]},{"i":{"x":0.656,"y":0.656},"o":{"x":0.315,"y":0.315},"t":90.934,"s":[73,268],"to":[10,61],"ti":[-36,37]},{"i":{"x":0.669,"y":0.669},"o":{"x":0.333,"y":0.333},"t":125.804,"s":[253,316],"to":[36,-37],"ti":[-54.512,7.9]},{"i":{"x":0.685,"y":0.685},"o":{"x":0.345,"y":0.345},"t":145.846,"s":[364,332],"to":[69,-10],"ti":[38,35]},{"i":{"x":0.693,"y":0.693},"o":{"x":0.354,"y":0.354},"t":173.555,"s":[420,208],"to":[-38,-35],"ti":[46,48]},{"i":{"x":0.833,"y":0.833},"o":{"x":0.445,"y":0.445},"t":191.811,"s":[327,152],"to":[-38.548,-40.225],"ti":[70,-2]},{"t":214,"s":[232,72]}],"ix":3},"nm":"Ellipse Path 1","mn":"ADBE Vector Shape - Ellipse","hd":false},{"ty":"st","c":{"a":0,"k":[0.5607843137254902,0.7176470588235294,0.3686274509803922,1],"ix":3},"o":{"a":0,"k":100,"ix":4},"w":{"a":0,"k":0,"ix":5},"lc":1,"lj":1,"ml":4,"bm":0,"nm":"Stroke 1","mn":"ADBE Vector Graphic - Stroke","hd":false},{"ty":"fl","c":{"a":0,"k":[0.5607843137254902,0.7176470588235294,0.3686274509803922,1],"ix":4},"o":{"a":0,"k":100,"ix":5},"r":1,"bm":0,"nm":"Fill 1","mn":"ADBE Vector Graphic - Fill","hd":false},{"ty":"tr","p":{"a":0,"k":[233,73],"ix":2},"a":{"a":0,"k":[233,73],"ix":1},"s":{"a":0,"k":[100,100],"ix":3},"r":{"a":0,"k":0,"ix":6},"o":{"a":0,"k":100,"ix":7},"sk":{"a":0,"k":0,"ix":4},"sa":{"a":0,"k":0,"ix":5},"nm":"Transform"}],"nm":"Ellipse 1","np":3,"cix":2,"bm":0,"ix":1,"mn":"ADBE Vector Group","hd":false}],"ip":-122,"op":183,"st":-122,"bm":0},{"ddd":0,"ind":12,"ty":4,"nm":"Circles - 10","sr":1,"ks":{"o":{"a":0,"k":100,"ix":11},"r":{"a":0,"k":71,"ix":10},"p":{"a":0,"k":[376.898,209.72,0],"ix":2},"a":{"a":0,"k":[194.187,88.128,0],"ix":1},"s":{"a":0,"k":[-80,80,100],"ix":6}},"ao":0,"shapes":[{"ty":"gr","it":[{"d":1,"ty":"el","s":{"a":0,"k":[20,20],"ix":2},"p":{"a":1,"k":[{"i":{"x":0.575,"y":0.575},"o":{"x":0.167,"y":0.167},"t":-68,"s":[232,72],"to":[-49.639,1.418],"ti":[15,-43]},{"i":{"x":0.637,"y":0.638},"o":{"x":0.299,"y":0.299},"t":-46.421,"s":[159,168],"to":[-15,43],"ti":[-10,-61]},{"i":{"x":0.656,"y":0.656},"o":{"x":0.315,"y":0.315},"t":-23.066,"s":[73,268],"to":[10,61],"ti":[-36,37]},{"i":{"x":0.669,"y":0.669},"o":{"x":0.333,"y":0.333},"t":11.804,"s":[253,316],"to":[36,-37],"ti":[-54.512,7.9]},{"i":{"x":0.685,"y":0.685},"o":{"x":0.345,"y":0.345},"t":31.846,"s":[364,332],"to":[69,-10],"ti":[38,35]},{"i":{"x":0.693,"y":0.693},"o":{"x":0.354,"y":0.354},"t":59.555,"s":[420,208],"to":[-38,-35],"ti":[46,48]},{"i":{"x":0.833,"y":0.833},"o":{"x":0.445,"y":0.445},"t":77.811,"s":[327,152],"to":[-38.548,-40.225],"ti":[70,-2]},{"i":{"x":0.575,"y":0.575},"o":{"x":0.167,"y":0.167},"t":100,"s":[232,72],"to":[-49.639,1.418],"ti":[15,-43]},{"i":{"x":0.637,"y":0.638},"o":{"x":0.299,"y":0.299},"t":121.579,"s":[159,168],"to":[-15,43],"ti":[-10,-61]},{"i":{"x":0.656,"y":0.656},"o":{"x":0.315,"y":0.315},"t":144.934,"s":[73,268],"to":[10,61],"ti":[-36,37]},{"i":{"x":0.669,"y":0.669},"o":{"x":0.333,"y":0.333},"t":179.804,"s":[253,316],"to":[36,-37],"ti":[-54.512,7.9]},{"i":{"x":0.685,"y":0.685},"o":{"x":0.345,"y":0.345},"t":199.846,"s":[364,332],"to":[69,-10],"ti":[38,35]},{"i":{"x":0.693,"y":0.693},"o":{"x":0.354,"y":0.354},"t":227.555,"s":[420,208],"to":[-38,-35],"ti":[46,48]},{"i":{"x":0.833,"y":0.833},"o":{"x":0.445,"y":0.445},"t":245.811,"s":[327,152],"to":[-38.548,-40.225],"ti":[70,-2]},{"t":268,"s":[232,72]}],"ix":3},"nm":"Ellipse Path 1","mn":"ADBE Vector Shape - Ellipse","hd":false},{"ty":"st","c":{"a":0,"k":[0.5607843137254902,0.7176470588235294,0.3686274509803922,1],"ix":3},"o":{"a":0,"k":100,"ix":4},"w":{"a":0,"k":0,"ix":5},"lc":1,"lj":1,"ml":4,"bm":0,"nm":"Stroke 1","mn":"ADBE Vector Graphic - Stroke","hd":false},{"ty":"fl","c":{"a":0,"k":[0.5607843137254902,0.7176470588235294,0.3686274509803922,1],"ix":4},"o":{"a":0,"k":100,"ix":5},"r":1,"bm":0,"nm":"Fill 1","mn":"ADBE Vector Graphic - Fill","hd":false},{"ty":"tr","p":{"a":0,"k":[233,73],"ix":2},"a":{"a":0,"k":[233,73],"ix":1},"s":{"a":0,"k":[100,100],"ix":3},"r":{"a":0,"k":0,"ix":6},"o":{"a":0,"k":100,"ix":7},"sk":{"a":0,"k":0,"ix":4},"sa":{"a":0,"k":0,"ix":5},"nm":"Transform"}],"nm":"Ellipse 1","np":3,"cix":2,"bm":0,"ix":1,"mn":"ADBE Vector Group","hd":false}],"ip":-68,"op":179,"st":-68,"bm":0},{"ddd":0,"ind":13,"ty":4,"nm":"Circles - 9","sr":1,"ks":{"o":{"a":0,"k":100,"ix":11},"r":{"a":0,"k":129,"ix":10},"p":{"a":0,"k":[173.913,303.783,0],"ix":2},"a":{"a":0,"k":[194.187,88.128,0],"ix":1},"s":{"a":0,"k":[39,39,100],"ix":6}},"ao":0,"shapes":[{"ty":"gr","it":[{"d":1,"ty":"el","s":{"a":0,"k":[20,20],"ix":2},"p":{"a":1,"k":[{"i":{"x":0.575,"y":0.575},"o":{"x":0.167,"y":0.167},"t":-167,"s":[232,72],"to":[-49.639,1.418],"ti":[15,-43]},{"i":{"x":0.637,"y":0.638},"o":{"x":0.299,"y":0.299},"t":-145.421,"s":[159,168],"to":[-15,43],"ti":[-10,-61]},{"i":{"x":0.656,"y":0.656},"o":{"x":0.315,"y":0.315},"t":-122.066,"s":[73,268],"to":[10,61],"ti":[-36,37]},{"i":{"x":0.669,"y":0.669},"o":{"x":0.333,"y":0.333},"t":-87.196,"s":[253,316],"to":[36,-37],"ti":[-54.512,7.9]},{"i":{"x":0.685,"y":0.685},"o":{"x":0.345,"y":0.345},"t":-67.154,"s":[364,332],"to":[69,-10],"ti":[38,35]},{"i":{"x":0.693,"y":0.693},"o":{"x":0.354,"y":0.354},"t":-39.445,"s":[420,208],"to":[-38,-35],"ti":[46,48]},{"i":{"x":0.833,"y":0.833},"o":{"x":0.445,"y":0.445},"t":-21.189,"s":[327,152],"to":[-38.548,-40.225],"ti":[70,-2]},{"i":{"x":0.575,"y":0.575},"o":{"x":0.167,"y":0.167},"t":1,"s":[232,72],"to":[-49.639,1.418],"ti":[15,-43]},{"i":{"x":0.637,"y":0.638},"o":{"x":0.299,"y":0.299},"t":22.579,"s":[159,168],"to":[-15,43],"ti":[-10,-61]},{"i":{"x":0.656,"y":0.656},"o":{"x":0.315,"y":0.315},"t":45.934,"s":[73,268],"to":[10,61],"ti":[-36,37]},{"i":{"x":0.669,"y":0.669},"o":{"x":0.333,"y":0.333},"t":80.804,"s":[253,316],"to":[36,-37],"ti":[-54.512,7.9]},{"i":{"x":0.685,"y":0.685},"o":{"x":0.345,"y":0.345},"t":100.846,"s":[364,332],"to":[69,-10],"ti":[38,35]},{"i":{"x":0.693,"y":0.693},"o":{"x":0.354,"y":0.354},"t":128.555,"s":[420,208],"to":[-38,-35],"ti":[46,48]},{"i":{"x":0.833,"y":0.833},"o":{"x":0.445,"y":0.445},"t":146.811,"s":[327,152],"to":[-38.548,-40.225],"ti":[70,-2]},{"t":169,"s":[232,72]}],"ix":3},"nm":"Ellipse Path 1","mn":"ADBE Vector Shape - Ellipse","hd":false},{"ty":"st","c":{"a":0,"k":[0.5607843137254902,0.7176470588235294,0.3686274509803922,1],"ix":3},"o":{"a":0,"k":100,"ix":4},"w":{"a":0,"k":0,"ix":5},"lc":1,"lj":1,"ml":4,"bm":0,"nm":"Stroke 1","mn":"ADBE Vector Graphic - Stroke","hd":false},{"ty":"fl","c":{"a":0,"k":[0.5607843137254902,0.7176470588235294,0.3686274509803922,1],"ix":4},"o":{"a":0,"k":100,"ix":5},"r":1,"bm":0,"nm":"Fill 1","mn":"ADBE Vector Graphic - Fill","hd":false},{"ty":"tr","p":{"a":0,"k":[233,73],"ix":2},"a":{"a":0,"k":[233,73],"ix":1},"s":{"a":0,"k":[100,100],"ix":3},"r":{"a":0,"k":0,"ix":6},"o":{"a":0,"k":100,"ix":7},"sk":{"a":0,"k":0,"ix":4},"sa":{"a":0,"k":0,"ix":5},"nm":"Transform"}],"nm":"Ellipse 1","np":3,"cix":2,"bm":0,"ix":1,"mn":"ADBE Vector Group","hd":false}],"ip":-167,"op":191,"st":-167,"bm":0},{"ddd":0,"ind":14,"ty":4,"nm":"Circles - 8","sr":1,"ks":{"o":{"a":0,"k":100,"ix":11},"r":{"a":0,"k":129,"ix":10},"p":{"a":0,"k":[173.913,303.783,0],"ix":2},"a":{"a":0,"k":[194.187,88.128,0],"ix":1},"s":{"a":0,"k":[39,39,100],"ix":6}},"ao":0,"shapes":[{"ty":"gr","it":[{"d":1,"ty":"el","s":{"a":0,"k":[20,20],"ix":2},"p":{"a":1,"k":[{"i":{"x":0.575,"y":0.575},"o":{"x":0.167,"y":0.167},"t":-122,"s":[232,72],"to":[-49.639,1.418],"ti":[15,-43]},{"i":{"x":0.637,"y":0.638},"o":{"x":0.299,"y":0.299},"t":-100.421,"s":[159,168],"to":[-15,43],"ti":[-10,-61]},{"i":{"x":0.656,"y":0.656},"o":{"x":0.315,"y":0.315},"t":-77.066,"s":[73,268],"to":[10,61],"ti":[-36,37]},{"i":{"x":0.669,"y":0.669},"o":{"x":0.333,"y":0.333},"t":-42.196,"s":[253,316],"to":[36,-37],"ti":[-54.512,7.9]},{"i":{"x":0.685,"y":0.685},"o":{"x":0.345,"y":0.345},"t":-22.154,"s":[364,332],"to":[69,-10],"ti":[38,35]},{"i":{"x":0.693,"y":0.693},"o":{"x":0.354,"y":0.354},"t":5.555,"s":[420,208],"to":[-38,-35],"ti":[46,48]},{"i":{"x":0.833,"y":0.833},"o":{"x":0.445,"y":0.445},"t":23.811,"s":[327,152],"to":[-38.548,-40.225],"ti":[70,-2]},{"i":{"x":0.575,"y":0.575},"o":{"x":0.167,"y":0.167},"t":46,"s":[232,72],"to":[-49.639,1.418],"ti":[15,-43]},{"i":{"x":0.637,"y":0.638},"o":{"x":0.299,"y":0.299},"t":67.579,"s":[159,168],"to":[-15,43],"ti":[-10,-61]},{"i":{"x":0.656,"y":0.656},"o":{"x":0.315,"y":0.315},"t":90.934,"s":[73,268],"to":[10,61],"ti":[-36,37]},{"i":{"x":0.669,"y":0.669},"o":{"x":0.333,"y":0.333},"t":125.804,"s":[253,316],"to":[36,-37],"ti":[-54.512,7.9]},{"i":{"x":0.685,"y":0.685},"o":{"x":0.345,"y":0.345},"t":145.846,"s":[364,332],"to":[69,-10],"ti":[38,35]},{"i":{"x":0.693,"y":0.693},"o":{"x":0.354,"y":0.354},"t":173.555,"s":[420,208],"to":[-38,-35],"ti":[46,48]},{"i":{"x":0.833,"y":0.833},"o":{"x":0.445,"y":0.445},"t":191.811,"s":[327,152],"to":[-38.548,-40.225],"ti":[70,-2]},{"t":214,"s":[232,72]}],"ix":3},"nm":"Ellipse Path 1","mn":"ADBE Vector Shape - Ellipse","hd":false},{"ty":"st","c":{"a":0,"k":[0.5607843137254902,0.7176470588235294,0.3686274509803922,1],"ix":3},"o":{"a":0,"k":100,"ix":4},"w":{"a":0,"k":0,"ix":5},"lc":1,"lj":1,"ml":4,"bm":0,"nm":"Stroke 1","mn":"ADBE Vector Graphic - Stroke","hd":false},{"ty":"fl","c":{"a":0,"k":[0.5607843137254902,0.7176470588235294,0.3686274509803922,1],"ix":4},"o":{"a":0,"k":100,"ix":5},"r":1,"bm":0,"nm":"Fill 1","mn":"ADBE Vector Graphic - Fill","hd":false},{"ty":"tr","p":{"a":0,"k":[233,73],"ix":2},"a":{"a":0,"k":[233,73],"ix":1},"s":{"a":0,"k":[100,100],"ix":3},"r":{"a":0,"k":0,"ix":6},"o":{"a":0,"k":100,"ix":7},"sk":{"a":0,"k":0,"ix":4},"sa":{"a":0,"k":0,"ix":5},"nm":"Transform"}],"nm":"Ellipse 1","np":3,"cix":2,"bm":0,"ix":1,"mn":"ADBE Vector Group","hd":false}],"ip":-122,"op":183,"st":-122,"bm":0},{"ddd":0,"ind":15,"ty":4,"nm":"Circles - 7","sr":1,"ks":{"o":{"a":0,"k":100,"ix":11},"r":{"a":0,"k":129,"ix":10},"p":{"a":0,"k":[173.913,303.783,0],"ix":2},"a":{"a":0,"k":[194.187,88.128,0],"ix":1},"s":{"a":0,"k":[39,39,100],"ix":6}},"ao":0,"shapes":[{"ty":"gr","it":[{"d":1,"ty":"el","s":{"a":0,"k":[20,20],"ix":2},"p":{"a":1,"k":[{"i":{"x":0.575,"y":0.575},"o":{"x":0.167,"y":0.167},"t":-68,"s":[232,72],"to":[-49.639,1.418],"ti":[15,-43]},{"i":{"x":0.637,"y":0.638},"o":{"x":0.299,"y":0.299},"t":-46.421,"s":[159,168],"to":[-15,43],"ti":[-10,-61]},{"i":{"x":0.656,"y":0.656},"o":{"x":0.315,"y":0.315},"t":-23.066,"s":[73,268],"to":[10,61],"ti":[-36,37]},{"i":{"x":0.669,"y":0.669},"o":{"x":0.333,"y":0.333},"t":11.804,"s":[253,316],"to":[36,-37],"ti":[-54.512,7.9]},{"i":{"x":0.685,"y":0.685},"o":{"x":0.345,"y":0.345},"t":31.846,"s":[364,332],"to":[69,-10],"ti":[38,35]},{"i":{"x":0.693,"y":0.693},"o":{"x":0.354,"y":0.354},"t":59.555,"s":[420,208],"to":[-38,-35],"ti":[46,48]},{"i":{"x":0.833,"y":0.833},"o":{"x":0.445,"y":0.445},"t":77.811,"s":[327,152],"to":[-38.548,-40.225],"ti":[70,-2]},{"i":{"x":0.575,"y":0.575},"o":{"x":0.167,"y":0.167},"t":100,"s":[232,72],"to":[-49.639,1.418],"ti":[15,-43]},{"i":{"x":0.637,"y":0.638},"o":{"x":0.299,"y":0.299},"t":121.579,"s":[159,168],"to":[-15,43],"ti":[-10,-61]},{"i":{"x":0.656,"y":0.656},"o":{"x":0.315,"y":0.315},"t":144.934,"s":[73,268],"to":[10,61],"ti":[-36,37]},{"i":{"x":0.669,"y":0.669},"o":{"x":0.333,"y":0.333},"t":179.804,"s":[253,316],"to":[36,-37],"ti":[-54.512,7.9]},{"i":{"x":0.685,"y":0.685},"o":{"x":0.345,"y":0.345},"t":199.846,"s":[364,332],"to":[69,-10],"ti":[38,35]},{"i":{"x":0.693,"y":0.693},"o":{"x":0.354,"y":0.354},"t":227.555,"s":[420,208],"to":[-38,-35],"ti":[46,48]},{"i":{"x":0.833,"y":0.833},"o":{"x":0.445,"y":0.445},"t":245.811,"s":[327,152],"to":[-38.548,-40.225],"ti":[70,-2]},{"t":268,"s":[232,72]}],"ix":3},"nm":"Ellipse Path 1","mn":"ADBE Vector Shape - Ellipse","hd":false},{"ty":"st","c":{"a":0,"k":[0.5607843137254902,0.7176470588235294,0.3686274509803922,1],"ix":3},"o":{"a":0,"k":100,"ix":4},"w":{"a":0,"k":0,"ix":5},"lc":1,"lj":1,"ml":4,"bm":0,"nm":"Stroke 1","mn":"ADBE Vector Graphic - Stroke","hd":false},{"ty":"fl","c":{"a":0,"k":[0.5607843137254902,0.7176470588235294,0.3686274509803922,1],"ix":4},"o":{"a":0,"k":100,"ix":5},"r":1,"bm":0,"nm":"Fill 1","mn":"ADBE Vector Graphic - Fill","hd":false},{"ty":"tr","p":{"a":0,"k":[233,73],"ix":2},"a":{"a":0,"k":[233,73],"ix":1},"s":{"a":0,"k":[100,100],"ix":3},"r":{"a":0,"k":0,"ix":6},"o":{"a":0,"k":100,"ix":7},"sk":{"a":0,"k":0,"ix":4},"sa":{"a":0,"k":0,"ix":5},"nm":"Transform"}],"nm":"Ellipse 1","np":3,"cix":2,"bm":0,"ix":1,"mn":"ADBE Vector Group","hd":false}],"ip":-68,"op":179,"st":-68,"bm":0},{"ddd":0,"ind":16,"ty":4,"nm":"Circles - 6","sr":1,"ks":{"o":{"a":0,"k":100,"ix":11},"r":{"a":0,"k":66,"ix":10},"p":{"a":0,"k":[370.6,138.448,0],"ix":2},"a":{"a":0,"k":[194.187,88.128,0],"ix":1},"s":{"a":0,"k":[-28.000000000000004,28.000000000000004,100],"ix":6}},"ao":0,"shapes":[{"ty":"gr","it":[{"d":1,"ty":"el","s":{"a":0,"k":[20,20],"ix":2},"p":{"a":1,"k":[{"i":{"x":0.575,"y":0.575},"o":{"x":0.167,"y":0.167},"t":-167,"s":[232,72],"to":[-49.639,1.418],"ti":[15,-43]},{"i":{"x":0.637,"y":0.638},"o":{"x":0.299,"y":0.299},"t":-145.421,"s":[159,168],"to":[-15,43],"ti":[-10,-61]},{"i":{"x":0.656,"y":0.656},"o":{"x":0.315,"y":0.315},"t":-122.066,"s":[73,268],"to":[10,61],"ti":[-36,37]},{"i":{"x":0.669,"y":0.669},"o":{"x":0.333,"y":0.333},"t":-87.196,"s":[253,316],"to":[36,-37],"ti":[-54.512,7.9]},{"i":{"x":0.685,"y":0.685},"o":{"x":0.345,"y":0.345},"t":-67.154,"s":[364,332],"to":[69,-10],"ti":[38,35]},{"i":{"x":0.693,"y":0.693},"o":{"x":0.354,"y":0.354},"t":-39.445,"s":[420,208],"to":[-38,-35],"ti":[46,48]},{"i":{"x":0.833,"y":0.833},"o":{"x":0.445,"y":0.445},"t":-21.189,"s":[327,152],"to":[-38.548,-40.225],"ti":[70,-2]},{"i":{"x":0.575,"y":0.575},"o":{"x":0.167,"y":0.167},"t":1,"s":[232,72],"to":[-49.639,1.418],"ti":[15,-43]},{"i":{"x":0.637,"y":0.638},"o":{"x":0.299,"y":0.299},"t":22.579,"s":[159,168],"to":[-15,43],"ti":[-10,-61]},{"i":{"x":0.656,"y":0.656},"o":{"x":0.315,"y":0.315},"t":45.934,"s":[73,268],"to":[10,61],"ti":[-36,37]},{"i":{"x":0.669,"y":0.669},"o":{"x":0.333,"y":0.333},"t":80.804,"s":[253,316],"to":[36,-37],"ti":[-54.512,7.9]},{"i":{"x":0.685,"y":0.685},"o":{"x":0.345,"y":0.345},"t":100.846,"s":[364,332],"to":[69,-10],"ti":[38,35]},{"i":{"x":0.693,"y":0.693},"o":{"x":0.354,"y":0.354},"t":128.555,"s":[420,208],"to":[-38,-35],"ti":[46,48]},{"i":{"x":0.833,"y":0.833},"o":{"x":0.445,"y":0.445},"t":146.811,"s":[327,152],"to":[-38.548,-40.225],"ti":[70,-2]},{"t":169,"s":[232,72]}],"ix":3},"nm":"Ellipse Path 1","mn":"ADBE Vector Shape - Ellipse","hd":false},{"ty":"st","c":{"a":0,"k":[0.5607843137254902,0.7176470588235294,0.3686274509803922,1],"ix":3},"o":{"a":0,"k":100,"ix":4},"w":{"a":0,"k":0,"ix":5},"lc":1,"lj":1,"ml":4,"bm":0,"nm":"Stroke 1","mn":"ADBE Vector Graphic - Stroke","hd":false},{"ty":"fl","c":{"a":0,"k":[0.5607843137254902,0.7176470588235294,0.3686274509803922,1],"ix":4},"o":{"a":0,"k":100,"ix":5},"r":1,"bm":0,"nm":"Fill 1","mn":"ADBE Vector Graphic - Fill","hd":false},{"ty":"tr","p":{"a":0,"k":[233,73],"ix":2},"a":{"a":0,"k":[233,73],"ix":1},"s":{"a":0,"k":[100,100],"ix":3},"r":{"a":0,"k":0,"ix":6},"o":{"a":0,"k":100,"ix":7},"sk":{"a":0,"k":0,"ix":4},"sa":{"a":0,"k":0,"ix":5},"nm":"Transform"}],"nm":"Ellipse 1","np":3,"cix":2,"bm":0,"ix":1,"mn":"ADBE Vector Group","hd":false}],"ip":-167,"op":191,"st":-167,"bm":0},{"ddd":0,"ind":17,"ty":4,"nm":"Circles - 5","sr":1,"ks":{"o":{"a":0,"k":100,"ix":11},"r":{"a":0,"k":66,"ix":10},"p":{"a":0,"k":[370.6,138.448,0],"ix":2},"a":{"a":0,"k":[194.187,88.128,0],"ix":1},"s":{"a":0,"k":[-28.000000000000004,28.000000000000004,100],"ix":6}},"ao":0,"shapes":[{"ty":"gr","it":[{"d":1,"ty":"el","s":{"a":0,"k":[20,20],"ix":2},"p":{"a":1,"k":[{"i":{"x":0.575,"y":0.575},"o":{"x":0.167,"y":0.167},"t":-122,"s":[232,72],"to":[-49.639,1.418],"ti":[15,-43]},{"i":{"x":0.637,"y":0.638},"o":{"x":0.299,"y":0.299},"t":-100.421,"s":[159,168],"to":[-15,43],"ti":[-10,-61]},{"i":{"x":0.656,"y":0.656},"o":{"x":0.315,"y":0.315},"t":-77.066,"s":[73,268],"to":[10,61],"ti":[-36,37]},{"i":{"x":0.669,"y":0.669},"o":{"x":0.333,"y":0.333},"t":-42.196,"s":[253,316],"to":[36,-37],"ti":[-54.512,7.9]},{"i":{"x":0.685,"y":0.685},"o":{"x":0.345,"y":0.345},"t":-22.154,"s":[364,332],"to":[69,-10],"ti":[38,35]},{"i":{"x":0.693,"y":0.693},"o":{"x":0.354,"y":0.354},"t":5.555,"s":[420,208],"to":[-38,-35],"ti":[46,48]},{"i":{"x":0.833,"y":0.833},"o":{"x":0.445,"y":0.445},"t":23.811,"s":[327,152],"to":[-38.548,-40.225],"ti":[70,-2]},{"i":{"x":0.575,"y":0.575},"o":{"x":0.167,"y":0.167},"t":46,"s":[232,72],"to":[-49.639,1.418],"ti":[15,-43]},{"i":{"x":0.637,"y":0.638},"o":{"x":0.299,"y":0.299},"t":67.579,"s":[159,168],"to":[-15,43],"ti":[-10,-61]},{"i":{"x":0.656,"y":0.656},"o":{"x":0.315,"y":0.315},"t":90.934,"s":[73,268],"to":[10,61],"ti":[-36,37]},{"i":{"x":0.669,"y":0.669},"o":{"x":0.333,"y":0.333},"t":125.804,"s":[253,316],"to":[36,-37],"ti":[-54.512,7.9]},{"i":{"x":0.685,"y":0.685},"o":{"x":0.345,"y":0.345},"t":145.846,"s":[364,332],"to":[69,-10],"ti":[38,35]},{"i":{"x":0.693,"y":0.693},"o":{"x":0.354,"y":0.354},"t":173.555,"s":[420,208],"to":[-38,-35],"ti":[46,48]},{"i":{"x":0.833,"y":0.833},"o":{"x":0.445,"y":0.445},"t":191.811,"s":[327,152],"to":[-38.548,-40.225],"ti":[70,-2]},{"t":214,"s":[232,72]}],"ix":3},"nm":"Ellipse Path 1","mn":"ADBE Vector Shape - Ellipse","hd":false},{"ty":"st","c":{"a":0,"k":[0.5607843137254902,0.7176470588235294,0.3686274509803922,1],"ix":3},"o":{"a":0,"k":100,"ix":4},"w":{"a":0,"k":0,"ix":5},"lc":1,"lj":1,"ml":4,"bm":0,"nm":"Stroke 1","mn":"ADBE Vector Graphic - Stroke","hd":false},{"ty":"fl","c":{"a":0,"k":[0.5607843137254902,0.7176470588235294,0.3686274509803922,1],"ix":4},"o":{"a":0,"k":100,"ix":5},"r":1,"bm":0,"nm":"Fill 1","mn":"ADBE Vector Graphic - Fill","hd":false},{"ty":"tr","p":{"a":0,"k":[233,73],"ix":2},"a":{"a":0,"k":[233,73],"ix":1},"s":{"a":0,"k":[100,100],"ix":3},"r":{"a":0,"k":0,"ix":6},"o":{"a":0,"k":100,"ix":7},"sk":{"a":0,"k":0,"ix":4},"sa":{"a":0,"k":0,"ix":5},"nm":"Transform"}],"nm":"Ellipse 1","np":3,"cix":2,"bm":0,"ix":1,"mn":"ADBE Vector Group","hd":false}],"ip":-122,"op":183,"st":-122,"bm":0},{"ddd":0,"ind":18,"ty":4,"nm":"Circles - 4","sr":1,"ks":{"o":{"a":0,"k":100,"ix":11},"r":{"a":0,"k":66,"ix":10},"p":{"a":0,"k":[370.6,138.448,0],"ix":2},"a":{"a":0,"k":[194.187,88.128,0],"ix":1},"s":{"a":0,"k":[-28.000000000000004,28.000000000000004,100],"ix":6}},"ao":0,"shapes":[{"ty":"gr","it":[{"d":1,"ty":"el","s":{"a":0,"k":[20,20],"ix":2},"p":{"a":1,"k":[{"i":{"x":0.575,"y":0.575},"o":{"x":0.167,"y":0.167},"t":-68,"s":[232,72],"to":[-49.639,1.418],"ti":[15,-43]},{"i":{"x":0.637,"y":0.638},"o":{"x":0.299,"y":0.299},"t":-46.421,"s":[159,168],"to":[-15,43],"ti":[-10,-61]},{"i":{"x":0.656,"y":0.656},"o":{"x":0.315,"y":0.315},"t":-23.066,"s":[73,268],"to":[10,61],"ti":[-36,37]},{"i":{"x":0.669,"y":0.669},"o":{"x":0.333,"y":0.333},"t":11.804,"s":[253,316],"to":[36,-37],"ti":[-54.512,7.9]},{"i":{"x":0.685,"y":0.685},"o":{"x":0.345,"y":0.345},"t":31.846,"s":[364,332],"to":[69,-10],"ti":[38,35]},{"i":{"x":0.693,"y":0.693},"o":{"x":0.354,"y":0.354},"t":59.555,"s":[420,208],"to":[-38,-35],"ti":[46,48]},{"i":{"x":0.833,"y":0.833},"o":{"x":0.445,"y":0.445},"t":77.811,"s":[327,152],"to":[-38.548,-40.225],"ti":[70,-2]},{"i":{"x":0.575,"y":0.575},"o":{"x":0.167,"y":0.167},"t":100,"s":[232,72],"to":[-49.639,1.418],"ti":[15,-43]},{"i":{"x":0.637,"y":0.638},"o":{"x":0.299,"y":0.299},"t":121.579,"s":[159,168],"to":[-15,43],"ti":[-10,-61]},{"i":{"x":0.656,"y":0.656},"o":{"x":0.315,"y":0.315},"t":144.934,"s":[73,268],"to":[10,61],"ti":[-36,37]},{"i":{"x":0.669,"y":0.669},"o":{"x":0.333,"y":0.333},"t":179.804,"s":[253,316],"to":[36,-37],"ti":[-54.512,7.9]},{"i":{"x":0.685,"y":0.685},"o":{"x":0.345,"y":0.345},"t":199.846,"s":[364,332],"to":[69,-10],"ti":[38,35]},{"i":{"x":0.693,"y":0.693},"o":{"x":0.354,"y":0.354},"t":227.555,"s":[420,208],"to":[-38,-35],"ti":[46,48]},{"i":{"x":0.833,"y":0.833},"o":{"x":0.445,"y":0.445},"t":245.811,"s":[327,152],"to":[-38.548,-40.225],"ti":[70,-2]},{"t":268,"s":[232,72]}],"ix":3},"nm":"Ellipse Path 1","mn":"ADBE Vector Shape - Ellipse","hd":false},{"ty":"st","c":{"a":0,"k":[0.5607843137254902,0.7176470588235294,0.3686274509803922,1],"ix":3},"o":{"a":0,"k":100,"ix":4},"w":{"a":0,"k":0,"ix":5},"lc":1,"lj":1,"ml":4,"bm":0,"nm":"Stroke 1","mn":"ADBE Vector Graphic - Stroke","hd":false},{"ty":"fl","c":{"a":0,"k":[0.5607843137254902,0.7176470588235294,0.3686274509803922,1],"ix":4},"o":{"a":0,"k":100,"ix":5},"r":1,"bm":0,"nm":"Fill 1","mn":"ADBE Vector Graphic - Fill","hd":false},{"ty":"tr","p":{"a":0,"k":[233,73],"ix":2},"a":{"a":0,"k":[233,73],"ix":1},"s":{"a":0,"k":[100,100],"ix":3},"r":{"a":0,"k":0,"ix":6},"o":{"a":0,"k":100,"ix":7},"sk":{"a":0,"k":0,"ix":4},"sa":{"a":0,"k":0,"ix":5},"nm":"Transform"}],"nm":"Ellipse 1","np":3,"cix":2,"bm":0,"ix":1,"mn":"ADBE Vector Group","hd":false}],"ip":-68,"op":179,"st":-68,"bm":0},{"ddd":0,"ind":19,"ty":4,"nm":"Circles - 3","sr":1,"ks":{"o":{"a":0,"k":100,"ix":11},"r":{"a":0,"k":0,"ix":10},"p":{"a":0,"k":[164.187,108.128,0],"ix":2},"a":{"a":0,"k":[194.187,88.128,0],"ix":1},"s":{"a":0,"k":[100,100,100],"ix":6}},"ao":0,"shapes":[{"ty":"gr","it":[{"d":1,"ty":"el","s":{"a":0,"k":[20,20],"ix":2},"p":{"a":1,"k":[{"i":{"x":0.575,"y":0.575},"o":{"x":0.167,"y":0.167},"t":-167,"s":[232,72],"to":[-49.639,1.418],"ti":[15,-43]},{"i":{"x":0.637,"y":0.638},"o":{"x":0.299,"y":0.299},"t":-145.421,"s":[159,168],"to":[-15,43],"ti":[-10,-61]},{"i":{"x":0.656,"y":0.656},"o":{"x":0.315,"y":0.315},"t":-122.066,"s":[73,268],"to":[10,61],"ti":[-36,37]},{"i":{"x":0.669,"y":0.669},"o":{"x":0.333,"y":0.333},"t":-87.196,"s":[253,316],"to":[36,-37],"ti":[-54.512,7.9]},{"i":{"x":0.685,"y":0.685},"o":{"x":0.345,"y":0.345},"t":-67.154,"s":[364,332],"to":[69,-10],"ti":[38,35]},{"i":{"x":0.693,"y":0.693},"o":{"x":0.354,"y":0.354},"t":-39.445,"s":[420,208],"to":[-38,-35],"ti":[46,48]},{"i":{"x":0.833,"y":0.833},"o":{"x":0.445,"y":0.445},"t":-21.189,"s":[327,152],"to":[-38.548,-40.225],"ti":[70,-2]},{"i":{"x":0.575,"y":0.575},"o":{"x":0.167,"y":0.167},"t":1,"s":[232,72],"to":[-49.639,1.418],"ti":[15,-43]},{"i":{"x":0.637,"y":0.638},"o":{"x":0.299,"y":0.299},"t":22.579,"s":[159,168],"to":[-15,43],"ti":[-10,-61]},{"i":{"x":0.656,"y":0.656},"o":{"x":0.315,"y":0.315},"t":45.934,"s":[73,268],"to":[10,61],"ti":[-36,37]},{"i":{"x":0.669,"y":0.669},"o":{"x":0.333,"y":0.333},"t":80.804,"s":[253,316],"to":[36,-37],"ti":[-54.512,7.9]},{"i":{"x":0.685,"y":0.685},"o":{"x":0.345,"y":0.345},"t":100.846,"s":[364,332],"to":[69,-10],"ti":[38,35]},{"i":{"x":0.693,"y":0.693},"o":{"x":0.354,"y":0.354},"t":128.555,"s":[420,208],"to":[-38,-35],"ti":[46,48]},{"i":{"x":0.833,"y":0.833},"o":{"x":0.445,"y":0.445},"t":146.811,"s":[327,152],"to":[-38.548,-40.225],"ti":[70,-2]},{"t":169,"s":[232,72]}],"ix":3},"nm":"Ellipse Path 1","mn":"ADBE Vector Shape - Ellipse","hd":false},{"ty":"st","c":{"a":0,"k":[0.5607843137254902,0.7176470588235294,0.3686274509803922,1],"ix":3},"o":{"a":0,"k":100,"ix":4},"w":{"a":0,"k":0,"ix":5},"lc":1,"lj":1,"ml":4,"bm":0,"nm":"Stroke 1","mn":"ADBE Vector Graphic - Stroke","hd":false},{"ty":"fl","c":{"a":0,"k":[0.5607843137254902,0.7176470588235294,0.3686274509803922,1],"ix":4},"o":{"a":0,"k":100,"ix":5},"r":1,"bm":0,"nm":"Fill 1","mn":"ADBE Vector Graphic - Fill","hd":false},{"ty":"tr","p":{"a":0,"k":[233,73],"ix":2},"a":{"a":0,"k":[233,73],"ix":1},"s":{"a":0,"k":[100,100],"ix":3},"r":{"a":0,"k":0,"ix":6},"o":{"a":0,"k":100,"ix":7},"sk":{"a":0,"k":0,"ix":4},"sa":{"a":0,"k":0,"ix":5},"nm":"Transform"}],"nm":"Ellipse 1","np":3,"cix":2,"bm":0,"ix":1,"mn":"ADBE Vector Group","hd":false}],"ip":-167,"op":191,"st":-167,"bm":0},{"ddd":0,"ind":20,"ty":4,"nm":"Circles - 2","sr":1,"ks":{"o":{"a":0,"k":100,"ix":11},"r":{"a":0,"k":0,"ix":10},"p":{"a":0,"k":[164.187,108.128,0],"ix":2},"a":{"a":0,"k":[194.187,88.128,0],"ix":1},"s":{"a":0,"k":[100,100,100],"ix":6}},"ao":0,"shapes":[{"ty":"gr","it":[{"d":1,"ty":"el","s":{"a":0,"k":[20,20],"ix":2},"p":{"a":1,"k":[{"i":{"x":0.575,"y":0.575},"o":{"x":0.167,"y":0.167},"t":-122,"s":[232,72],"to":[-49.639,1.418],"ti":[15,-43]},{"i":{"x":0.637,"y":0.638},"o":{"x":0.299,"y":0.299},"t":-100.421,"s":[159,168],"to":[-15,43],"ti":[-10,-61]},{"i":{"x":0.656,"y":0.656},"o":{"x":0.315,"y":0.315},"t":-77.066,"s":[73,268],"to":[10,61],"ti":[-36,37]},{"i":{"x":0.669,"y":0.669},"o":{"x":0.333,"y":0.333},"t":-42.196,"s":[253,316],"to":[36,-37],"ti":[-54.512,7.9]},{"i":{"x":0.685,"y":0.685},"o":{"x":0.345,"y":0.345},"t":-22.154,"s":[364,332],"to":[69,-10],"ti":[38,35]},{"i":{"x":0.693,"y":0.693},"o":{"x":0.354,"y":0.354},"t":5.555,"s":[420,208],"to":[-38,-35],"ti":[46,48]},{"i":{"x":0.833,"y":0.833},"o":{"x":0.445,"y":0.445},"t":23.811,"s":[327,152],"to":[-38.548,-40.225],"ti":[70,-2]},{"i":{"x":0.575,"y":0.575},"o":{"x":0.167,"y":0.167},"t":46,"s":[232,72],"to":[-49.639,1.418],"ti":[15,-43]},{"i":{"x":0.637,"y":0.638},"o":{"x":0.299,"y":0.299},"t":67.579,"s":[159,168],"to":[-15,43],"ti":[-10,-61]},{"i":{"x":0.656,"y":0.656},"o":{"x":0.315,"y":0.315},"t":90.934,"s":[73,268],"to":[10,61],"ti":[-36,37]},{"i":{"x":0.669,"y":0.669},"o":{"x":0.333,"y":0.333},"t":125.804,"s":[253,316],"to":[36,-37],"ti":[-54.512,7.9]},{"i":{"x":0.685,"y":0.685},"o":{"x":0.345,"y":0.345},"t":145.846,"s":[364,332],"to":[69,-10],"ti":[38,35]},{"i":{"x":0.693,"y":0.693},"o":{"x":0.354,"y":0.354},"t":173.555,"s":[420,208],"to":[-38,-35],"ti":[46,48]},{"i":{"x":0.833,"y":0.833},"o":{"x":0.445,"y":0.445},"t":191.811,"s":[327,152],"to":[-38.548,-40.225],"ti":[70,-2]},{"t":214,"s":[232,72]}],"ix":3},"nm":"Ellipse Path 1","mn":"ADBE Vector Shape - Ellipse","hd":false},{"ty":"st","c":{"a":0,"k":[0.5607843137254902,0.7176470588235294,0.3686274509803922,1],"ix":3},"o":{"a":0,"k":100,"ix":4},"w":{"a":0,"k":0,"ix":5},"lc":1,"lj":1,"ml":4,"bm":0,"nm":"Stroke 1","mn":"ADBE Vector Graphic - Stroke","hd":false},{"ty":"fl","c":{"a":0,"k":[0.5607843137254902,0.7176470588235294,0.3686274509803922,1],"ix":4},"o":{"a":0,"k":100,"ix":5},"r":1,"bm":0,"nm":"Fill 1","mn":"ADBE Vector Graphic - Fill","hd":false},{"ty":"tr","p":{"a":0,"k":[233,73],"ix":2},"a":{"a":0,"k":[233,73],"ix":1},"s":{"a":0,"k":[100,100],"ix":3},"r":{"a":0,"k":0,"ix":6},"o":{"a":0,"k":100,"ix":7},"sk":{"a":0,"k":0,"ix":4},"sa":{"a":0,"k":0,"ix":5},"nm":"Transform"}],"nm":"Ellipse 1","np":3,"cix":2,"bm":0,"ix":1,"mn":"ADBE Vector Group","hd":false}],"ip":-122,"op":183,"st":-122,"bm":0},{"ddd":0,"ind":21,"ty":4,"nm":"Circles - 1","sr":1,"ks":{"o":{"a":0,"k":100,"ix":11},"r":{"a":0,"k":0,"ix":10},"p":{"a":0,"k":[164.187,108.128,0],"ix":2},"a":{"a":0,"k":[194.187,88.128,0],"ix":1},"s":{"a":0,"k":[100,100,100],"ix":6}},"ao":0,"shapes":[{"ty":"gr","it":[{"d":1,"ty":"el","s":{"a":0,"k":[20,20],"ix":2},"p":{"a":1,"k":[{"i":{"x":0.575,"y":0.575},"o":{"x":0.167,"y":0.167},"t":-68,"s":[232,72],"to":[-49.639,1.418],"ti":[15,-43]},{"i":{"x":0.637,"y":0.638},"o":{"x":0.299,"y":0.299},"t":-46.421,"s":[159,168],"to":[-15,43],"ti":[-10,-61]},{"i":{"x":0.656,"y":0.656},"o":{"x":0.315,"y":0.315},"t":-23.066,"s":[73,268],"to":[10,61],"ti":[-36,37]},{"i":{"x":0.669,"y":0.669},"o":{"x":0.333,"y":0.333},"t":11.804,"s":[253,316],"to":[36,-37],"ti":[-54.512,7.9]},{"i":{"x":0.685,"y":0.685},"o":{"x":0.345,"y":0.345},"t":31.846,"s":[364,332],"to":[69,-10],"ti":[38,35]},{"i":{"x":0.693,"y":0.693},"o":{"x":0.354,"y":0.354},"t":59.555,"s":[420,208],"to":[-38,-35],"ti":[46,48]},{"i":{"x":0.833,"y":0.833},"o":{"x":0.445,"y":0.445},"t":77.811,"s":[327,152],"to":[-38.548,-40.225],"ti":[70,-2]},{"i":{"x":0.575,"y":0.575},"o":{"x":0.167,"y":0.167},"t":100,"s":[232,72],"to":[-49.639,1.418],"ti":[15,-43]},{"i":{"x":0.637,"y":0.638},"o":{"x":0.299,"y":0.299},"t":121.579,"s":[159,168],"to":[-15,43],"ti":[-10,-61]},{"i":{"x":0.656,"y":0.656},"o":{"x":0.315,"y":0.315},"t":144.934,"s":[73,268],"to":[10,61],"ti":[-36,37]},{"i":{"x":0.669,"y":0.669},"o":{"x":0.333,"y":0.333},"t":179.804,"s":[253,316],"to":[36,-37],"ti":[-54.512,7.9]},{"i":{"x":0.685,"y":0.685},"o":{"x":0.345,"y":0.345},"t":199.846,"s":[364,332],"to":[69,-10],"ti":[38,35]},{"i":{"x":0.693,"y":0.693},"o":{"x":0.354,"y":0.354},"t":227.555,"s":[420,208],"to":[-38,-35],"ti":[46,48]},{"i":{"x":0.833,"y":0.833},"o":{"x":0.445,"y":0.445},"t":245.811,"s":[327,152],"to":[-38.548,-40.225],"ti":[70,-2]},{"t":268,"s":[232,72]}],"ix":3},"nm":"Ellipse Path 1","mn":"ADBE Vector Shape - Ellipse","hd":false},{"ty":"st","c":{"a":0,"k":[0.5607843137254902,0.7176470588235294,0.3686274509803922,1],"ix":3},"o":{"a":0,"k":100,"ix":4},"w":{"a":0,"k":0,"ix":5},"lc":1,"lj":1,"ml":4,"bm":0,"nm":"Stroke 1","mn":"ADBE Vector Graphic - Stroke","hd":false},{"ty":"fl","c":{"a":0,"k":[0.5607843137254902,0.7176470588235294,0.3686274509803922,1],"ix":4},"o":{"a":0,"k":100,"ix":5},"r":1,"bm":0,"nm":"Fill 1","mn":"ADBE Vector Graphic - Fill","hd":false},{"ty":"tr","p":{"a":0,"k":[233,73],"ix":2},"a":{"a":0,"k":[233,73],"ix":1},"s":{"a":0,"k":[100,100],"ix":3},"r":{"a":0,"k":0,"ix":6},"o":{"a":0,"k":100,"ix":7},"sk":{"a":0,"k":0,"ix":4},"sa":{"a":0,"k":0,"ix":5},"nm":"Transform"}],"nm":"Ellipse 1","np":3,"cix":2,"bm":0,"ix":1,"mn":"ADBE Vector Group","hd":false}],"ip":-68,"op":179,"st":-68,"bm":0}],"markers":[{"tm":168,"cm":"1","dr":0}]}